,username,biography,externalUrl,followersCount,followsCount,hasChannel,highlightReelCount,isBusinessAccount,joinedRecently,businessCategoryName,private,verified,profilePicUrl,postsCount,avg_likes,status
0,lady__jossy,"Data Scientist 
Wild honey ğŸ¯ 
Wild flower ğŸŒº 
Gentle lioness ğŸ¦",False,772.0,500.0,False,4.0,False,False,,False,False,True,18.0,55.416666666666664,1
1,ama_afrak,"The Jesus Kind of Girl
Educationist @gsconsult_gh                                  Doctoral Researcher @unistrathclyde",False,1010.0,3020.0,False,8.0,False,False,,False,False,True,16.0,105.58333333333333,1
2,liz.naya,"Kindly follow my Business page @accesorize_gh
Family//Lifestyle//Jesus Lover",False,672.0,536.0,False,2.0,False,False,,False,False,True,463.0,57.166666666666664,1
3,12th._street,"Pharm D
MPSGH
Beat Producer
Link up:12thstreetvibes@gmail.com",False,303.0,408.0,False,0.0,False,False,,False,False,True,4.0,10.5,1
4,nii_mantse__,"#KingdomCitizen
Graphic Designer/Video EditorğŸ§‘ğŸ¾â€ğŸ¨ğŸ’»
Link Up - nii.prodigy@live.co.uk 
ğŸ‡¬ğŸ‡­ğŸ‡¬ğŸ‡­ğŸ‡¬ğŸ‡­ğŸ‡¬ğŸ‡­ğŸ‡¬ğŸ‡­ğŸ‡¬ğŸ‡­ğŸ‡¬ğŸ‡­ğŸ‡¬ğŸ‡­ğŸ‡¬ğŸ‡­ğŸ‡¬ğŸ‡­
ğŸ”µThe BluesğŸ”µğŸ¦",False,913.0,802.0,False,2.0,False,False,,False,False,True,7.0,115.42857142857143,1
5,naa_tiokor,"Travel â€¢ Lifestyle â€¢ Foodie
Full time Corporate Chic
Part time Luxury Lover
#blackgirlmagicâœ¨",False,2036.0,213.0,False,0.0,False,False,,False,False,True,317.0,72.16666666666667,1
6,dee_dharling,"âœ³ï¸New and pre-owned clothes, shoes, jewelry and accessories. 
 âœ³ï¸Delivery at a fee.Momo 0556981889.                     âŒNo exchange âŒNo refunds",False,1263.0,1242.0,False,0.0,True,False,Personal Goods & General Merchandise Stores,False,False,True,499.0,2.6666666666666665,1
7,ladzaka._,"/laâ€¢jaâ€¢ka/
bigger than the box!ğŸ’Ÿ
I overthink but still forget
self love, adventure junkie, pictorial journaling",False,1696.0,1665.0,False,8.0,False,False,,False,False,True,14.0,313.4166666666667,1
8,queen_fibby,Sapiosexual,False,510.0,382.0,False,2.0,False,False,,False,False,True,7.0,92.0,1
9,kukiebenson,"|| Faith.Hope.Love.
|| 9yr old (diagnosed 8th July, 2020)
||Type 1 Diabetes (T1D) Stories 
||Creating memories
Captions by mom @theroaming_ambassador",False,2145.0,507.0,False,5.0,False,False,,False,False,True,1337.0,30.75,1
10,tilly_bestill,Barcaâ¤ï¸ğŸ’™. MESSI IS THE ğŸ #explore #explorepage,False,366.0,648.0,False,2.0,True,False,Creators & Celebrities,False,False,True,9.0,56.888888888888886,1
11,jux_kay,"Scorpio ğŸ¦‚
Chemical Nanoengineer | PhD @reisnerlab 
ğŸ“Cambridge",True,2150.0,2889.0,False,0.0,False,False,,True,False,True,37.0,,1
12,_glowic,"POV : You just walked into your â€œSoft Girl Eraâ€ğŸ’—
ğŸŒ¸Healthy glowing skinğŸŒ¸
ğŸŒ¸Face and Body careğŸŒ¸
ğŸŒ¸Luxury skincareğŸŒ¸
ğŸ“Available @glamfactorygh
Shop hereğŸ‘‡ğŸ¾",True,7114.0,89.0,False,11.0,True,False,Lifestyle Services,False,False,True,39.0,18.0,1
13,hi_lhary,"Hillary Jacqueline are my first names.
Personal finances. Lifestyle. Communication. Travelâœ¨
Page under reconstruction..",False,1259.0,791.0,False,0.0,False,False,,True,False,True,68.0,247.0,1
14,ama_wartemberg,"I'm a Hallmark..you can't mark me anywhere
3/7ğŸ‚ || TravellerğŸ§³ || Never a SingerğŸ¥³ || Twisted Dancer ğŸ•º|| Re-defining â£ï¸
#mufclove 
Twitter @eyevee_blynx",False,968.0,1117.0,False,0.0,False,False,,True,False,True,4.0,,1
15,eyram_xx,"Influencer â€¢ Content Creator
Photo Model â€¢ Promoter
ğŸ‘‘Creative Queen ğŸ‘‘
Email or dm for PAID ads and collabs",False,217626.0,693.0,False,6.0,False,False,,False,False,True,311.0,9768.416666666666,1
16,andy_oa,Grace doesn't ask for qualifications ğŸ‘Œ,False,1231.0,1488.0,False,0.0,False,False,,True,False,True,9.0,,1
17,__efya,"ğŸ‡¬ğŸ‡­GHANA ğŸ‡¬ğŸ‡­
ğŸ‘‘ğŸ¦‹
#Green#ğŸ’š       
â™‹ï¸Cancerâ™‹ï¸
Follow my bussiness page @__jays__closetğŸ™ğŸ»",False,2831.0,3091.0,False,0.0,False,False,,True,False,True,33.0,,1
18,nazn.__,,False,1116.0,1016.0,False,0.0,False,False,,True,False,True,49.0,,1
19,naashieley,,False,1162.0,1127.0,False,0.0,False,False,,False,False,True,2.0,236.5,1
20,theangeljbsmith,"ğ—™ğ—®ğ—¶ğ˜ğ—µ ğ˜„ğ—¶ğ—¹ğ—¹ ğ—µğ—®ğ—»ğ—±ğ—¹ğ—² ğ˜ğ—¼ğ—ºğ—¼ğ—¿ğ—¿ğ—¼ğ˜„.
ğğ¨ğğœğšğ¬ğ­ğğ«| ğ¬ğ©ğ¨ğ¢ğ¥ğğ ğ›ğ«ğšğ­| ğ¦ğ®ğ¦ğ¦ğ² ğ­ğ¨ @ofbloodbonesandwater 
ğğğ”ğ‘ğ†ğ„ğğˆğ’ğ„
Bookings/Email: Angel@bfaandcolegal.com",True,1180174.0,288.0,False,12.0,False,False,,False,True,True,210.0,25623.666666666668,1
21,lovelace_jnr,"JesusğŸ˜‡
LoveğŸ˜„ğŸ’–
PoetryğŸ‘‹âœ
MoviesğŸ˜
DanceğŸ’ƒ
FifağŸ™Œ
MusicğŸ¼",False,781.0,707.0,False,0.0,False,False,,False,False,True,36.0,125.5,1
22,giselaamponsah,"youtuber â€¢ creator
lifestyle â€¢ fashion â€¢ beauty",True,58825.0,1225.0,False,7.0,False,False,,False,False,True,245.0,5195.833333333333,1
23,eltonafflu,"Ministry Page: @ahavah_dansoman @connectcyi 
@onewaymissionsglobal",True,979.0,125.0,False,5.0,False,False,,False,False,True,101.0,107.25,1
24,agudie_bynana,"Creativity and confidence balled into finely handcrafted jewelry and accessories
Handmade with a modern touch
Worldwide shipping available ğŸŒ
Ghana ğŸ‡¬ğŸ‡­",True,2929.0,1245.0,False,23.0,True,False,Food & Personal Goods,False,False,True,187.0,105.66666666666667,1
25,theroaming_ambassador,"A foodie journey that will tickle your senses ğŸ½ğŸ¹ğŸ¥‚
|| Food reviews ||
|| Content creation ||
ğŸ“+233243251118",False,2490.0,2052.0,False,10.0,False,False,,False,False,True,939.0,61.25,1
26,safoa_xo,"Weird is the new beautiful â¤
YouTuber â¬‡ï¸",True,2016.0,2310.0,False,6.0,False,False,,False,False,True,66.0,292.0,1
27,pleromadanceministry,"MimeIsTheNewSpiritualğŸ‡¬ğŸ‡­
Choreographer
Mime Minister  
Jesus saves â¤ğŸ™
Ministering Dance Through The Art of the Prophetic 
YouTube channel ğŸ‘‡",True,1268.0,972.0,False,5.0,False,False,,False,False,True,255.0,101.25,1
28,adesuaetomi,"President SGA (simple girls association) 
Lagos | London | L.A",True,5187635.0,980.0,False,0.0,False,False,,False,True,True,1134.0,191095.33333333334,1
29,tolanibaj,"TBAJ ğŸ‡ºğŸ‡¸ğŸ‡³ğŸ‡¬
A&R/DJ/Actress/Youtuber
Shop @bajluxeğŸ‘—",True,1147747.0,657.0,False,6.0,False,False,,False,True,True,218.0,31026.75,1
30,ms_jmk,"Barristerâš–ï¸  | CEO @jmk_eats | 
Tv personality | Brand influencer 
For business inquiries: Info.ms.jmk@gmail.com",True,556629.0,794.0,False,10.0,False,False,,False,True,True,102.0,26643.0,1
31,thebeverlynaya,Actor|Producer|Entrepreneur,True,1003317.0,353.0,False,18.0,False,False,,False,True,True,55.0,15427.25,1
32,aj_arjarquah,"| Godâ€™s little daughter sending His message across the world through musicğŸ™ŒğŸ½ğŸ¤ | Medical Student ğŸ‘©ğŸ½â€âš•ï¸ğŸ‡¬ğŸ‡­ğŸ©º |
Founder: @pathfynders @arjarquah_reads",True,2903.0,989.0,False,0.0,False,False,,False,False,True,98.0,167.16666666666666,1
33,kevjay553,"iACT...                                                         Twitter: kelvinkay34
Snapchat: kevjay553",False,1042.0,583.0,False,68.0,False,False,,False,False,True,27.0,62.083333333333336,1
34,_shorshor,"If it makes life even 1% more comfy, I want in
I have ADHD and talk about it A LOT.
fashion | locs | dogs
ğŸ“SoFlo | Accra",True,9477.0,6004.0,False,26.0,False,False,,False,False,True,254.0,399.4166666666667,1
35,mizvick,"StoryTeller
Masterpiece, Work in Progress..... Simultaneously.",True,91461.0,641.0,False,1.0,False,False,,False,True,True,319.0,1796.25,1
36,shalewastar,"Owner - @thenextdoorbakery
Formula 1 #RedBullRacing",False,19643.0,1335.0,False,6.0,False,False,,False,True,True,461.0,504.0,1
37,yoyo.s_pixel,Perspective | Landscape | Lowlight | Nature | Video-Transitioning,True,880.0,542.0,False,0.0,True,False,Food & Personal Goods,False,False,True,455.0,38.333333333333336,1
38,leahjeneaofficial,"The Princess Of Hip Hop Soul ğŸ‘¸ğŸ½ğŸ’•
Newest single RUNNINâ€™ out now ! ğŸ™ˆğŸ¥°â¬‡ï¸ 
Bookings: kapitalgainzinc@gmail.com",True,216519.0,2450.0,False,18.0,False,False,,False,True,True,326.0,5466.166666666667,1
39,dzigbordi.e,"ğŸ„
@lashed.bydzidzi",False,1366.0,443.0,False,19.0,False,False,,False,False,True,14.0,178.5,1
40,nana_affulba,Fashion Designer ||Bespoke Women's fashion ||Appointments/Enquiries - Monday to Saturday :9am - 6pm ||ğŸ“/WhatsApp - +233243976763,False,4667.0,2208.0,False,9.0,True,False,Personal Goods & General Merchandise Stores,False,False,True,103.0,94.08333333333333,1
41,alex_unusual,"ğ”¸ğ•ğ•–ğ•© ğ•Œğ•Ÿğ•¦ğ•¤ğ•¦ğ•’ğ•
ğŸ“ğ•‹ğ•§ ğ•¡ğ•–ğ•£ğ•¤ğ• ğ•Ÿğ•’ğ•ğ•šğ•¥ğ•ª.ğŸ“â„‚ğ•£ğ•–ğ•’ğ•¥ğ•šğ•§ğ•– ğ••ğ•šğ•£ğ•–ğ•”ğ•¥ğ• ğ•£.ğŸ“â„™ğ•£ğ•–ğ•ğ•šğ•¦ğ• ğ•šğ•Ÿğ•—ğ•ğ•¦ğ•–ğ•Ÿğ•”ğ•–ğ•£.ğŸ“â„•ğ•ªğ•—ğ•’.ğŸ“ğ”½ğ•šğ•ğ• ğ•ğ•’ğ•œğ•–ğ•£.ğŸ“ğ•ğ•£ğ•šğ•¥ğ•–ğ•£.ğŸ“ğ•„ğ• ğ••ğ•–ğ•.ğŸ“ğ”»ğ•’ğ•Ÿğ•”ğ•–ğ•£.ğŸ“â„‚ğ• ğ•Ÿğ•¥ğ•–ğ•Ÿğ•¥ ğ•”ğ•£ğ•–ğ•’ğ•¥ğ• ğ•£.ğŸ“ğ”¸ğ•Ÿğ•¥ğ•š ğ•“ğ•¦ğ•ğ•ğ•ªğ•šğ•Ÿğ•˜ ğ•’ğ•”ğ•¥ğ•šğ•§ğ•šğ•¤ğ•¥.",True,3307728.0,1927.0,False,16.0,True,False,Creators & Celebrities,False,True,True,801.0,33785.5,1
42,tobibakre,"â€¢ Actor
â€¢ Model
â€¢ Analyst
â€¢ MC/TV Host
â€¢ Published Photographer
â€¢ BOOKINGS: bookings@tobibakre.com
   08170012911",True,2193277.0,3869.0,False,6.0,False,False,,False,True,True,1155.0,36398.25,1
43,mz_tsotsoo,"God's baby girl 
Gospel Music ğŸ”´singer ğŸ”´entrepreneur 
CEO @dee_sparklesgh 
 @dee_dharling
https://youtu.be/tIi7pqEOnXU",False,1094.0,1305.0,False,0.0,False,False,,True,False,True,119.0,68.0,1
44,jolaayeye,"Founding member - @feminist.co 
1/2 of ISWIS Podcast - @isaidwhatisaidpod
Chief Noisemaker - @happynoisemaker
Small Madam - @saltandtruthtv",True,26064.0,1113.0,False,2.0,True,False,General Interest,False,False,True,351.0,3756.25,1
45,tsui_aku_,"| Creative Handmade Bags |
ğŸ¨Wearable Art 
â–ªï¸ Contemporary Ghanaian Pieces
â–ªï¸ For the Bold, Modern and Edgy
ğŸ“Accra, Ghana ğŸ‡¬ğŸ‡­
âœˆï¸Worldwide Shipping",True,7556.0,1304.0,False,10.0,True,False,Creators & Celebrities,False,False,True,1992.0,62.416666666666664,1
46,callmenuella,"â€¢ Kingdom Lifestyle ğŸ˜‰
â€¢âœ Kingdom Woman 
â€¢ğŸ’ Husband @nigel_amoafo 
â€¢ğŸ“Travel Enthusiast",False,1486.0,1462.0,False,12.0,False,False,,False,False,True,43.0,307.4166666666667,1
47,blaq_sey,"â€¢Road Engineer â€¢Life guard â€¢Baller â€¢Merman â€¢Designer               
ğŸ‘»: UNCLE BLâˆ†Q
~LFC ~Celtics 
#Number9 #SeylorsCrew",False,1583.0,1122.0,False,1.0,False,False,,False,False,True,36.0,121.41666666666667,1
48,_geogreat_,#godly #godfirst,False,481.0,424.0,False,2.0,False,False,,False,False,True,8.0,95.125,1
49,elozonam,"â˜…
I Create Amazing Ads
Content King | Actor | Artiste | Voice Artist | TV Show Host
Brand Ambassador @premiercoolng @star_radler
Stream my EP ğŸ‘‡ğŸ½",True,776675.0,2035.0,False,8.0,False,False,,False,True,True,2338.0,3300.25,1
50,baajadebule,"Actor | Film Maker
Twitter: @BaajAdebule
Showreel on website
Please Check out my film @comewithme_movie
ALL WE NEED IS LOVE, KINDNESS & UNDERSTANDING",True,114949.0,882.0,False,12.0,False,False,,False,True,True,643.0,3171.5833333333335,1
51,the_amumawutoh,"iCreate 
Professional MCğŸ¤ 
Actor ğŸ­ ğŸ¥ğŸ™
Writer 
Reader 
#tshirtshop - @mcamus_clothing  
Blog - @kele_welejoint",True,2098.0,895.0,False,10.0,False,False,,False,False,True,178.0,83.41666666666667,1
52,the_ewuravlogs,"GodğŸ˜‡,FamilyğŸ‘¨â€ğŸ‘©â€ğŸ‘§â€ğŸ‘§,PurposeğŸ’¡,KidsğŸ‘«
CapricornğŸ˜
Youtuber~The EwuraVlogs 
Founder~LITE FOUNDATION 
Follow @lite_foundation
SUBSCRIBE TO MY UTUBE CHANNELğŸ‘‡",True,2633.0,2656.0,False,10.0,False,False,,False,False,True,148.0,163.33333333333334,1
53,international_shartty,"Godâ€™s Favoriteâ¤ï¸
@doc_kloset @sharttyz_kitchen 
November QueenğŸ‘¸ğŸ‚",False,1588.0,1279.0,False,13.0,True,False,Creators & Celebrities,False,False,True,126.0,38.666666666666664,1
54,andra_sarp,"In HIMâœï¸ğŸ‘‘.       ğ“™ğ“® ğ“·ğ“® ğ“¼ğ“ªğ“²ğ“¼ ğ“ºğ“¾ğ“¸ğ“²ğŸ’« <>â¤ï¸ &ğŸ’¡
ğ˜›ğ˜©ğ˜ªğ˜¯ğ˜¬ğ˜¦ğ˜³ @andras_thoughts 
ğ˜ğ˜°ğ˜°ğ˜¥ğ˜ªğ˜¦ @andrasfoodgram
ğ˜šğ˜©ğ˜¶ğ˜µğ˜µğ˜¦ğ˜³ğ˜£ğ˜¶ğ˜¨ @andrasviews 
ğ˜Šğ˜°-ğ˜¢ğ˜¶ğ˜µğ˜©ğ˜°ğ˜³ @climatechangetalks.cct",False,2967.0,1575.0,False,0.0,False,False,,True,False,True,18.0,,1
55,aba_fearon,"A woman after God's own heartâ¤ğŸ’–ğŸ’Ÿ
@rosann_creative @usasgroceries 
Volunteer @splendorcharity 
Sunglasses lover",False,1727.0,1888.0,False,0.0,False,False,,True,False,True,62.0,,1
56,amahihezuo,"â–ªï¸Actor |beauty |lifestyle                                 â–ªï¸Child:@amah_zonhairs 
â–ªï¸ @blaqambiencecandles",True,61949.0,277.0,False,7.0,False,False,,False,False,True,30.0,8408.5,1
57,larleyyy,"Stylist + Creative Director @otjstudios @otjcloset @otjannex 
UGC Creator",True,313812.0,1493.0,False,18.0,False,False,,False,False,True,365.0,5600.333333333333,1
58,ashixx_,"ğŸ‡¹ğŸ‡­ğŸ‡¬ğŸ‡­
@thefoodie.lifestyle",False,11684.0,2162.0,False,7.0,False,False,,False,False,True,16.0,2951.4166666666665,1
59,adwoa.noella,"Child of GraceğŸ¤
Proud FanteğŸ¤ğŸ‡¬ğŸ‡­
TV Presenter @tv3_ghana 
Actress||MC
Brand Influencerâœ¨",True,89537.0,1170.0,False,3.0,False,False,,False,False,True,224.0,9621.666666666666,1
60,peaceogor,"Brand Influencer â€¢Presenter â€¢Model
Biz:@buuraqofficial
Booking: enquiries.peaceogor@gmail.com 08124609399",False,323260.0,611.0,False,5.0,True,False,Creators & Celebrities,False,False,True,93.0,18547.583333333332,1
61,the_odditty,"Ur new Odd BFF âœ¨â¤ï¸
â€¢Model â€¢Confidence â€¢Lifestyle â€¢Chaos
ğŸ“§- theodditty@a3artistsagency.com
Find me on TikTok/YouTube",True,285671.0,1805.0,False,9.0,False,False,,False,True,True,550.0,16235.25,1
62,groovykach,"poseidon w the waves ğŸŒŠ
@kachpoppin.automobile",False,2705.0,985.0,False,0.0,False,False,,True,False,True,24.0,,1
63,happuchino,"Bridal Stylist & Event Planner: @chinoevents 
Fashion Artist: @officialhappuchino",True,7726.0,533.0,False,2.0,False,False,,False,False,True,79.0,190.91666666666666,1
64,jaypaulmrflamez,"â€¢ Actor 
â€¢ Musician
â€¢ TV Host 
â€¢ Model
â€¢ Influencer
â€¢ Filmmaker
ğŸ“© hi@jaypaulmrflamez.com
MD @madeincalabarltd
Fan page: @jaypaulfanpage",False,500369.0,1344.0,False,8.0,False,False,,False,True,True,153.0,3506.1666666666665,1
65,adobemessiah,"â³JESUS CHRIST 
â³Creative Director @3musictv 
â³Co-Founder & Creative Director @themsgds  
â³Arts Development & Advocacy 
I am @nanachereii",True,6717.0,2824.0,False,7.0,False,False,,False,False,True,65.0,571.8333333333334,1
66,itsmariammusa,"@mimacosmeticsuk 
Meghan.Peterson@ymugroup.com 
Co-Host Pressed Podcast @bbcsounds",True,608419.0,699.0,False,7.0,False,False,,False,True,True,363.0,19195.75,1
67,diane.russet,"â€¢Filmmaker
â€¢Media personality
â€¢Brand Influencer 
â€¢Founder @russetskitchen @drusset @russet.tv @ricorditheseries 
â€¢ ğŸ“§ dianerussetbookings@gmail.com",True,1709782.0,1272.0,False,10.0,False,False,,False,True,True,563.0,37706.333333333336,1
68,emmanuelesiet,"Adam in @n3sbestfriendsintheworld ğŸ¬ 
Cartoonist @tinotoonz ğŸ¨
For Brand Deals, Promotions & Advert â¬‡ï¸
Email : samuelesiet@gmail.com",False,207689.0,258.0,False,10.0,False,False,,False,False,True,174.0,13801.916666666666,1
69,sandra_boakye_duah,A Holy Spirit inclined vessel... Singing to nations and beyond...Let the heavens be praisedğŸ‰â¤ï¸#@officialrebirthgh  @cvclegon,True,6522.0,2062.0,False,5.0,False,False,,False,False,True,160.0,820.1666666666666,1
70,lookingforavala,"â€œNo Moreâ€ video out nowğŸ”¥ğŸ”¥
avalamusics@gmail.com
-Influencer by day -ğŸ˜Œ",True,378571.0,1235.0,False,9.0,False,False,,False,True,True,175.0,2168.5,1
71,thenengers,"The MOST TOASTED GIRL
Joy #JujustoriesğŸ¦ 
GM #AMenakhe ğŸ²
Lola #themensclub ğŸ‘„
Ms.Kim #backtoschool ğŸ’ 
Lily #AMforbidden ğŸ¥€
ğŸ­ ğŸ¥ Thespian
Creative Genius ğŸ”¥",True,44627.0,1693.0,False,4.0,False,False,,False,False,True,842.0,684.5833333333334,1
72,thearinolao,"Rara Avis ğŸ•Š 
Multihyphenate 
Creative Director, Art & Cultural Curator
Work: @nolablackng @thecell.co @the.tyedyeshopng 
ğŸ“© - aarinola3@gmail.com",True,402061.0,990.0,False,4.0,False,False,,False,True,True,239.0,2710.1666666666665,1
73,ohthatstomi,"living 4 Christ :) 
John 1:12 |ğŸ‡³ğŸ‡¬
dmvâ€”>@notredame 
i do my hair occasionally",False,15925.0,629.0,False,5.0,False,False,,False,False,True,130.0,12800.916666666666,1
74,iambisola,"ACTOR | SINGER | PRODUCER | MC.
#AMVCA2018 TRAILBLAZER. 
#QueenBiyesi 
Snapchat: iambisola
Twitter: iambisola
Email: bisola@thetemplecompany.com",True,3485750.0,2763.0,False,2.0,False,False,,False,True,True,1236.0,9249.916666666666,1
75,nigel_amoafo,"Kingdom Citizen
Helped by God
Husband @callmenuella 
Church @kingdomfulltabernacle",False,871.0,577.0,False,3.0,False,False,,False,False,True,52.0,183.83333333333334,1
76,naomiraine,"Raine is my middle name. I love Jesus and I like to dance
Listen to my new album, Journey â€” available now!
Booking: booking@naomirainemusic.com",True,479059.0,1666.0,False,6.0,False,False,,False,True,True,937.0,8400.75,1
77,beautysecretsofapril,"â–ªï¸ Skincare â–«ï¸ Make-up 
â–ªï¸24/7 service ğŸ“± 
â–ªï¸ Worldwide Delivery ğŸšš 
ğŸ“ call/whatsapp: +2348063751812",True,32259.0,12.0,False,7.0,False,False,,False,False,True,422.0,720.3333333333334,1
78,nancyisimeofficial,"5ft11""of Undiluted GoodnessğŸŒŸ
Exec.Producer/Creator- @thenancyisimeshow_ 
Multi-Award Winning TV Host
CEO Nip Studios 
ğŸ“§- booknancyisime@gmail.com",True,4822676.0,932.0,False,6.0,False,False,,False,True,True,3583.0,87658.08333333333,1
79,teamnatural_,"ğŸ“Dallas, Texas
It's not a fad, it's a movement! 
Founder-@ClassyC83
Tag #TeamNatural_ ğŸš«DMs
Advertising Inquiriesâ†´",True,514516.0,1669.0,False,3.0,True,False,Personal Goods & General Merchandise Stores,False,False,True,46570.0,1718.1666666666667,1
80,brie_sabi,"ActressğŸ¬ğŸ¥
  âœ¨I influence for Brandsâœ¨
Email for business â¬‡ï¸",False,23029.0,3007.0,False,15.0,False,False,,False,False,True,136.0,453.5833333333333,1
81,lalaakindoju,"Actor.Producer.Host
Talented.International.Bankable 
Twitter:@lalaakindoju 
AMAA 2015 Best Young Actor ; AMVCA 2016 Trailblazer",True,308021.0,2781.0,False,6.0,False,False,,False,True,True,3547.0,2417.0833333333335,1
82,kamo_mphelaxx,"In God We Trust 
africa: bookkamomphela@gmail.com / 078 005 1981
world: rebecca.prochnik@unitedtalent.com",False,2382576.0,449.0,False,0.0,True,False,Creators & Celebrities,False,True,True,145.0,67331.66666666667,1
83,kie_kie__,"Content creator
Event & TV Host @kie_kie_tv_
Brand influencer
Actor
Twitter: @iamkiekie_
CD: @accostcollection 
FOR BOOKINGS: CLICK CONTACT BUTTON",True,1937588.0,1801.0,False,15.0,False,False,,False,True,True,2515.0,88685.83333333333,1
84,omowunmi_dada,"Award winning Actor
Voice Artist
Humanitarian
Brand Influencer 
Model
MGT: @thatgoodmediahq",False,321824.0,3187.0,False,6.0,False,False,,False,True,True,1989.0,29554.0,1
85,tmtbylayinka,"Award Winning MUA
Destination Wedding MUA
Bridal Makeup
Beauty Educator
Creative Director
tmtbylayinka@gmail.com
2348036392542
Lekki Phase 1
No Refund",True,59503.0,1911.0,False,3.0,False,False,,False,False,True,2853.0,2137.9166666666665,1
86,jemimaosunde,"ğŸ’ 
Doctor of PhysiotherapyğŸ‘©ğŸ½â€âš•ï¸
ActressğŸ¬
Brand PartnerğŸ“¸
I am more than you can see! 
Twitter/tiktok:@jemimaosunde",True,846632.0,2891.0,False,7.0,True,False,General Interest,False,True,True,1502.0,23753.166666666668,1
87,tolaodunsi,"Founder @urbanvision360  
Executive Producer & Director @tmcseries @flawsomeseries  @fromlagoswithlovemov etc
 #talentmanagement #film #television",False,74880.0,2708.0,False,17.0,False,False,,False,False,True,1845.0,2147.4166666666665,1
88,enyonamhosi,"Lifestyle | Fashion | Beauty 
ğŸ’•Shop @_glowic
Co-founder @glamfactorygh",True,153048.0,513.0,False,7.0,False,False,,False,False,True,47.0,1426.25,1
89,ayo_olla,"INQUIRIES
spgmanagers@gmail.com
.
JESUS IS LORD",False,278624.0,1445.0,False,4.0,False,False,,False,True,True,106.0,10729.0,1
90,ibrahimsuleimanofficial,"#ManInTheBox 
Creative.
Architect | Actor | Artist | Author | Choreographer | TVPresenter | VoiceOverArtist
#SerialSlasher 
Creating cool since 2002!",True,185359.0,3150.0,False,23.0,False,False,,False,False,True,1324.0,5326.75,1
91,etimeffiong,King ğŸ‘‘,False,548701.0,2558.0,False,4.0,False,False,,False,True,True,1835.0,27552.5,1
92,antolecky,"Educator | Entertainer | Entrepreneur
@antoxtarieshairbuilder 
@room22agency 
@o_compatriots 
@thelivewireproject 
@arisenvoteng 
ğŸ“Lagos NG
#LiveWire",True,888612.0,1373.0,False,8.0,False,False,,False,True,True,2054.0,2178.8333333333335,1
93,joemettle,"Worshipper/Gospel recording artist.
Contact joemettle.info@gmail.com+233553989887.",True,831064.0,2369.0,False,2.0,True,False,,False,True,True,2534.0,9304.5,1
94,therealsinach,New book available to order:,True,1652657.0,1793.0,False,14.0,False,False,,False,True,True,5878.0,5901.5,1
95,adekunlegold,The Greatest ShowmanğŸ™ğŸ•ºğŸ¾,True,9128655.0,692.0,False,5.0,False,False,,False,True,True,1371.0,51049.666666666664,1
96,yess_fabrics,"âœ‚  ONLINE STORE 
We Speak Fabrics Fluently! 
Fabrics For Everyday And Special Occasions!
â–«ï¸Contact us- 0545581774 /0265469063
#yessfabrics",True,5647.0,1377.0,False,10.0,True,False,Personal Goods & General Merchandise Stores,False,False,True,3149.0,7.833333333333333,1
97,asanteba,"Saved to Serve | Join me at â›ªï¸ @kingdomfulltabernacle 
ğŸ‘— Modest Fashion | @shewearshadassah 
ğŸ› My Shea Butter | @touchedbyglory_ 
ğŸ‘‡ğŸ¾Tap my links!",True,3468.0,2331.0,False,11.0,True,False,Creators & Celebrities,False,False,True,199.0,714.4166666666666,1
98,louis_appiah,"Artist ğŸ¨Traveler , Free thinker. Crazy ğŸ˜œ",True,16797.0,1753.0,False,5.0,False,False,,False,False,True,45.0,115.0,1
99,dantebowe,Booking@truemusiclabel.com,True,335872.0,533.0,False,0.0,False,False,,False,True,True,5.0,14441.6,1
100,vanessa_gyimah,"ğŸ’„ Published Pro Makeup Artist
ğŸ“§ : vanessagyimah@a3artistsagency.com",True,459119.0,1060.0,False,14.0,False,False,,False,False,True,933.0,105144.66666666667,1
101,sinnahk,"Fashion | Lifestyle 
ğŸ“© sinnahkbusiness@gmail.com",True,61064.0,687.0,False,3.0,False,False,,False,False,True,251.0,3345.3333333333335,1
102,perezmusik233,"An infectious zeal for Christ Jesus
ã€‹Recording Artiste ã€‹Worship Minister",True,16768.0,705.0,False,12.0,True,False,Creators & Celebrities,False,False,True,490.0,402.9166666666667,1
103,debrah_david_,"â€¢Guitarist ğŸ¸ğŸ¸@renditionsofficial_ @xtreme_recordss 
|â€¢University Of Ghanaâ€¢|
 Engineering Student|â€¢ğŸ‘·
Ghana  ğŸ‡¬ğŸ‡­",False,1471.0,2299.0,False,2.0,False,False,,False,False,True,50.0,128.83333333333334,1
104,bellanaijaweddings,"ğŸ“§ weddings@bellanaija.com for content | ads@bellanaija.com for ads | No DMs, Kindly Email ğŸ’›
Celebrating Love, Culture & Family
Visit â¬‡",True,5638505.0,3346.0,False,2.0,True,False,Publishers,False,True,True,56033.0,2890.1666666666665,1
105,iamefaiwara,"Actor. Rapper. Super hero
#TripleThreatEFA",True,217295.0,2375.0,False,0.0,False,False,,False,True,True,2267.0,8761.416666666666,1
106,dianaantwihamilton,Worshipper l Wife l Mum l VGMA Artiste of the Yr 21 l Gospel Artist 19/20/21 l Song OTY 21 l Mo Ne Yo' Adomâ€™  l https://youtu.be/RWdoq_XyPzc,True,995899.0,414.0,False,7.0,False,False,,False,True,True,3338.0,1822.4166666666667,1
107,nadsglam,"Cosmetologist
Beauty Artist
Skin work is our priorityâœ¨
Bookings and enquiriesâ¬‡ï¸",True,9356.0,780.0,False,3.0,True,False,Personal Goods & General Merchandise Stores,False,False,True,139.0,562.4166666666666,1
108,akessethelion,"Husband, Father, Pastor, Recording Artiste, Lecturer.  Passionate about leading people into encounters with Christ. Email:akessebrempong@gmail.com",True,103072.0,2240.0,False,4.0,False,False,,False,True,True,3592.0,726.6666666666666,1
109,tomike_a,"â€¢Award Winning Brand Influencer, Actor & Entrepreneur
â€¢Media Personality
â€¢Microbiologist
â€¢Brand Ambassador @maltina @pastel.africa @vbankng 
â€¢God'sğŸ’",True,553939.0,3669.0,False,68.0,True,False,Creators & Celebrities,False,True,True,4186.0,18808.333333333332,1
110,thedorathybachor,"Business Mogul/Actress/Brand influencer
@mfc_lingerie 
DorathyBachormgt@gmail.com
Fanpage: @dexploras_fanpage ğŸŒ",True,2201152.0,626.0,False,16.0,True,False,Creators & Celebrities,False,True,True,259.0,27336.333333333332,1
111,elevationworship,"Elevation Nights are BACK in NEW CITIESğŸ™Œ
get your ticketsğŸŸï¸â¬‡ï¸",True,2181325.0,180.0,False,4.0,True,False,,False,True,True,799.0,20901.583333333332,1
112,omabelle,"Inspiring you on how to create an attainable LIFESTYLE.
â€¢HOME â€¢BEAUTY â€¢INTERIOR DECOR 
ğŸ“§ - Omabelletv@gmail.com
MomX3ğŸ‘­ğŸ§â€â™‚ï¸ğŸ“NJ
Shop my videos & More ğŸ‘‡",True,239765.0,114.0,False,11.0,False,False,,False,False,True,623.0,3205.5833333333335,1
113,travisgreenetv,"+ @drjackiegreene ğŸ’
+ @4wardcity â›ªï¸
+ @forwardcitymusic ğŸ¸ 
Contact: info@travisgreene.tv",True,1533220.0,792.0,False,9.0,False,False,,False,True,True,5784.0,11780.25,1
114,jonmcreynolds,New single â€œYour Worldâ€ out now!,True,1180926.0,2516.0,False,12.0,False,False,,False,True,True,1200.0,21723.0,1
115,pastorwilliammcdowell,Lead pastor of @deeper_church,True,430315.0,546.0,False,5.0,False,False,,False,True,True,3028.0,2291.75,1
116,mercychinwo,"Artiste, Minister, Songwriter 
An Ambassador of LIGHTğŸ’¡
Bookings: +2347063273273
ğŸ“¨ Mecempire1@gmail.com 
Shop: @mecempire
My YouTube Channel â†“",True,3059244.0,2999.0,False,5.0,False,False,,False,True,True,3622.0,78012.91666666667,1
117,_awoe_t,"Professional Emcee
Ff me on facebook @ Awoe Torkornoo
You wanna book me just dm
#GodzVeryOwn",False,1307.0,1305.0,False,6.0,False,False,,False,False,True,153.0,89.25,1
118,maverickcitymusic,"unorthodox, free spirit, rule breaker, one that breaks away from the herd. ğŸ™ŒğŸ¾ğŸ”¥",True,1754620.0,1645.0,False,9.0,False,False,,False,True,True,1176.0,30416.916666666668,1
119,hillsongunited,â€˜Are We There Yet?â€™ â€” available NOW ğŸª©â¤ï¸â€ğŸ”¥,True,2575862.0,142.0,False,3.0,True,False,Creators & Celebrities,False,True,True,299.0,18737.166666666668,1
120,tashacobbsleonard,"@kennethleonardjrâ€™s Wife... God's Child! Owner: @fritzeyewear, @teeleerecords @bounce_sc and moreâ€¦",True,2327173.0,1026.0,False,1.0,False,False,,False,True,True,11001.0,7282.916666666667,1
121,kizito_amartey,Clergy | Artist | Lecturer | Consultant | Speaker,False,1707.0,1456.0,False,0.0,False,False,,True,False,True,747.0,,1
122,dzifaabodakpi,Wild flower â˜º,False,166.0,262.0,False,0.0,False,False,,True,False,True,150.0,,1
123,nellarosee,"YouTuberğŸ‡¬ğŸ‡§ 750K Subs+81 Mill Views
As seen on @prettylittlething @mtvcatfish @spotifyuk @bet @netflix @footasylum @brits @sky_uk @moboawards @jblaudio",True,620704.0,490.0,False,5.0,False,False,,False,True,True,934.0,33555.416666666664,1
124,inidimaokojie,"""Inspire! Laugh! Love! Live!!"" ğŸ¤—",True,791947.0,376.0,False,4.0,True,False,Creators & Celebrities,False,True,True,1419.0,42507.5,1
125,jackieappiah,,False,9772821.0,433.0,False,5.0,False,False,,False,True,True,1450.0,67503.75,1
126,princess_burland,"âœ¨Business Page @diya_organics_ 
âœ¨Lifestyle & Travel Content Creator
âœ‰ï¸: amaburlandbusiness@gmail.com",True,229536.0,942.0,False,21.0,True,False,Creators & Celebrities,False,False,True,110.0,8514.75,1
127,realchidiebereaneke,"Public Figure 
model  
Co-Founder 
@aneketwinsfoundation 
@atwinsdesign",True,813313.0,164.0,False,0.0,True,False,Creators & Celebrities,False,True,True,942.0,1487.25,1
128,obiba_jj,"KenkeyğŸ˜©ğŸ˜ğŸ¥°â¤ï¸
ChocolateğŸ˜©ğŸ˜
Food in generalğŸ˜’
24th MayğŸ‰
Poet sometimes,amazing alwaysğŸ¤ğŸ½ğŸ–¤",False,1810.0,1955.0,False,2.0,False,False,,False,False,True,438.0,25.75,1
129,chimezie_imo,"International/Bankable.
AMAA Nominee 2020-Best promising Actor 
TFAA Nominee 2020 - prize for acting
ğŸ“§- chimezieimo1@gmail",False,23691.0,379.0,False,2.0,False,False,,False,False,True,498.0,594.3333333333334,1
130,_jaygibs,"16/06 ||
God firstğŸ’¯
Live.Love.Laugh",False,1688.0,1071.0,False,2.0,False,False,,False,False,True,145.0,137.16666666666666,1
131,afekualberta,,False,249.0,623.0,False,3.0,False,False,,False,False,True,4.0,29.0,1
132,_.sikapa,"Short hair ğŸ’‡â€â™€ï¸|Reggae lover ğŸ¶
Gym Enthusiast ğŸ‹ï¸â€â™€ï¸|Libra â™",False,265.0,243.0,False,2.0,False,False,,False,False,True,1.0,59.0,1
133,chrizloves,,False,541.0,606.0,False,1.0,False,False,,False,False,True,5.0,66.2,1
134,el_amoofia,God's Purpose = My Life's Ministry ğŸ‡¬ğŸ‡­ğŸŒ,False,1020.0,900.0,False,1.0,False,False,,False,False,True,378.0,44.333333333333336,1
135,bingo_itz_nana,"Pharm.D
Navigating life the best way I can
Friend of the human race and maker of beautiful things
Founder: @agudie_bynana 
Introverted sanguine",False,993.0,1180.0,False,0.0,False,False,,False,False,True,31.0,133.75,1
136,i_am_amarkour,"I_Am_A_Child_Of_GODğŸ¥°
The Love Of God Is REAL!!!",False,1002.0,497.0,False,0.0,False,False,,False,False,True,8.0,205.25,1
137,pamela_wristberg,,False,227.0,259.0,False,0.0,False,False,,False,False,True,45.0,24.083333333333332,1
138,joanbaluo,"But for His GraceğŸ™
Sustained by GraceğŸ™ŒğŸ’•",False,614.0,917.0,False,3.0,False,False,,False,False,True,111.0,32.166666666666664,1
139,gloryah_agyapong,"#Unashamed...Romans 1:16#
#Music lover#
#Meteorologist#
#Child of God #
#philippians 4:8â¤#",False,1015.0,1517.0,False,1.0,False,False,,False,False,True,21.0,184.33333333333334,1
140,keziah.kumah,"ChristianğŸ™
Impact KeziahğŸ’¯
In training: Content writing, 
Editor & Personal Branding Coach. 
@sophis_tikay shoe gallery. 
Trendy flats, shoes & heelsğŸ˜‰ğŸ˜˜",False,405.0,691.0,False,4.0,False,False,,False,False,True,73.0,15.333333333333334,1
141,__ladymay1,"I canâ€™t think of any better representation of beauty than someone who is unafraid tobeherself
|Enterpreneur||Philantropist|@awula_k__gh @Affirmation",True,1106.0,1412.0,False,5.0,False,False,,False,False,True,72.0,4.5,1
142,abimbolacraig,"Film maker
Producer  
Content creator
YouTuber
Actor
#SkinnyGirlInTransit",True,204938.0,827.0,False,0.0,False,False,,False,True,True,786.0,5716.166666666667,1
143,mmcchoir,Official IG page of Manna Mission Church Choir -Teshie,False,218.0,221.0,False,1.0,False,False,,False,False,True,46.0,26.833333333333332,1
144,nigellus_black,Why not win together? The sky is big enough for all of us to fly â€¦.. letâ€™s all win together â¤ï¸,False,497.0,537.0,False,0.0,False,False,,True,False,True,16.0,,1
145,mykl_an,"New Account ğŸŒŸ
â€¢Engineer || Creator 
â€¢Team Lead: @vel__concepts
â€¢Weddings : @vel_weddings",False,483.0,464.0,False,0.0,False,False,,True,False,True,3.0,,1
146,r.e.g.i.s_,"ğŸ‡¬ğŸ‡­ğŸ‡¿ğŸ‡¦
God's very ownğŸ˜
Mum's favourite sonğŸ˜
Award ğŸ¥‡ Winning Fashion Designer
Creative Director @by_regisklothing
Business page @wrappingbay_gh
Godlife.",False,1672.0,1018.0,False,0.0,False,False,,True,False,True,398.0,57.0,1
147,ilebayeee,"ğğ ğğšğ¢ğ£ğš ğ’ğŸ• ğ‹ğğ¯ğğ¥ ğ”ğ© ğ‡ğ¨ğ®ğ¬ğğ¦ğšğ­ğ 
Old account got hacked!
ğğŸğŸğ¢ğœğ¢ğšğ¥ ğ…ğšğ§ğ©ğšğ ğ @bayetribedaily
@odiniyailebayefashion",False,144928.0,80.0,False,0.0,False,False,,True,False,True,6.0,,1
148,sylvia.dugbs,,True,608.0,536.0,False,7.0,False,False,,False,False,True,63.0,77.0,1
149,__maku___,"Let what counts with God, count with you",False,580.0,567.0,False,0.0,False,False,,False,False,True,3.0,164.33333333333334,1
150,theboy_konu,"ğŸ‡¬ğŸ‡­ğŸŒ
GOD|| Family|| Aviation loverâœˆâœˆ|
ã€ŠYour Future PILOTã€‹ğŸ‘¨â€âœˆï¸
|Theatre is Lâ€¢Iâ€¢Fâ€¢E|ğŸ˜¼
September 8âœˆ
Snapchat: GuyKonu",False,1014.0,1161.0,False,2.0,False,False,,False,False,True,10.0,226.2,1
151,melchida_obbin,#lovegodlovefamilylovelifeâ¤ï¸ğŸ’¥,False,871.0,1039.0,False,1.0,False,False,,False,False,True,18.0,180.58333333333334,1
152,officialnanaadwoa,Wonâ€™t Stop; Cannot be stopped; Expounding the beauty of Christ in my own little way. My name is  Nana Adwoa and I AINâ€™T STOPPING!,True,35500.0,476.0,False,1.0,True,False,Creators & Celebrities,False,False,True,234.0,1109.0,1
153,emelia_kumah,"Faith, family, positivity, and lots of â¤ï¸.
Music LoverğŸ¶",False,761.0,458.0,False,0.0,False,False,,False,False,True,68.0,118.25,1
154,eveoppong,"""IT'S THE GOD IN ME"" #BLESSED&GRATEFUL",False,541.0,561.0,False,0.0,False,False,,True,False,True,173.0,,1
155,lordia_xx,"Universal Radiant Family ğŸŒ…
Revealing the perfect knowledge of Christ. 
 Business @light.wears 
My Prescription is Jesus only ğŸ€â¤ï¸",False,783.0,511.0,False,4.0,False,False,,False,False,True,31.0,115.91666666666667,1
156,bimboademoye,"Award winning actor,
Brand influencer 
Model.",True,2360427.0,812.0,False,7.0,False,False,,False,True,True,818.0,57464.0,1
157,ebo_kayn,"Goofy, Free Spirited & a Mel ğŸ¤“ğŸ’ƒğŸ¾ğŸ•º
Freelance Designer: @kaynotezgh",False,443.0,392.0,False,3.0,False,False,,False,False,True,9.0,75.11111111111111,1
158,philiplarkai,"ğŸ‡¬ğŸ‡­
M.D
KNUST SMD â€˜21",False,969.0,993.0,False,8.0,True,False,Creators & Celebrities,False,False,True,3.0,195.0,1
159,liloaderogba,"@cafe23bylilo @lilos_closet_ 
_ 
Bookings : lilo@yemisifalaye.com",False,1060756.0,594.0,False,17.0,False,False,,False,True,True,267.0,23010.25,1
160,mrs_bort,,False,998.0,963.0,False,0.0,False,False,,False,False,True,58.0,84.0,1
161,essy.naamomo,"In His Freedom I Am Free
ğŸŒ¿ğŸŒ¿ğŸŒ¿ğŸŒ¿ğŸŒ¿ğŸŒ¿ ğŸŒ¿ğŸŒ¿
Business page @yess_fabrics  @canepotsnmore ğŸ‘ˆ Follow us
YouTube channel",True,352.0,360.0,False,0.0,False,False,,True,False,True,135.0,31.333333333333332,1
162,_kolibeaa_,"Peace of mind and heartğŸ˜ŒğŸ˜Œ
Crazy faith in God ğŸ™",False,494.0,682.0,False,0.0,False,False,,False,False,True,17.0,108.83333333333333,1
163,keziahmante,God Girl ğŸ˜‡                                              @rubygarnetrealty                                                   Romans 9:15-16ğŸ™ğŸ½ğŸ™ğŸ½ğŸ™ğŸ½,True,1090.0,679.0,False,2.0,False,False,,False,False,True,6.0,84.16666666666667,1
164,ayikaileyy,"Jesusâ¤ï¸
Biomedical EngineeringğŸ‘·ğŸ¾â€â™€ï¸ğŸ’•
You can never do it alone, fall back on JesusğŸ’•ğŸ¥³
He called you after all- He wonâ€™t fail youğŸ˜˜",False,909.0,831.0,False,0.0,False,False,,True,False,True,7.0,,1
165,maame.kwakyewa,"God over everythingğŸ™ğŸ˜.      
3rd July 
Cancer â™‹ï¸",False,2467.0,2610.0,False,2.0,True,False,Creators & Celebrities,False,False,True,5.0,143.4,1
166,emcee_bosa,,False,775.0,1037.0,False,2.0,False,False,,False,False,True,60.0,53.583333333333336,1
167,mosesbliss,"The Voice of Grace
Founder/CEO @shadesofblissofficial & @spotlitenation
Listen to MIRACLE NO DEY TIRE JESUS hereğŸ‘‡ğŸ½",True,1102104.0,506.0,False,0.0,False,False,,False,True,True,988.0,16824.75,1
168,natlet_forson,,False,240.0,231.0,False,0.0,False,False,,False,False,True,25.0,21.75,1
169,dzormo_,,False,1562.0,303.0,False,0.0,False,False,,True,False,True,0.0,,1
170,kraftsmenco,"ğŸ¯ KRAFTSMEN. The Company.
ğŸŒº Weddings: @kraftsmenweddings
ğŸï¸ Films: @kraftsmenfilms
ğŸ“Studio: @kraftsmenstudios",False,2377.0,1086.0,False,3.0,True,False,Creators & Celebrities,False,False,True,73.0,43.5,1
171,i_am_makafui,"Art (theatre) and nature lover, choreographer                   @fedor_danu (twitter) photographer @fedor_the_photographer",False,978.0,901.0,False,0.0,False,False,,False,False,True,66.0,134.58333333333334,1
172,_selali_evans,"ScorpioğŸ’œ
 Chemical engineerğŸ‘©â€ğŸ”§
snapchat  sela_evans
Check out @kussel_ventures for your hair and skincare products ğŸ‘‡",True,1250.0,1189.0,False,3.0,False,False,,False,False,True,25.0,143.66666666666666,1
173,chris_tiiti,Choose Loveâ¤,False,860.0,812.0,False,0.0,False,False,,False,False,True,113.0,80.33333333333333,1
174,afua_dee,,False,821.0,854.0,False,0.0,False,False,,False,False,True,7.0,203.14285714285714,1
175,zipline_ghana,@zipline's instant delivery service transforming the way goods move in Ghana,True,438.0,87.0,False,0.0,True,False,Personal Goods & General Merchandise Stores,False,False,True,49.0,199.5,1
176,mcharyson_gh,Delay Is Not Denial - Genesis 17 : 6-8 ğŸŒ,False,851.0,1013.0,False,0.0,False,False,,False,False,True,2.0,156.5,1
177,stanleyshofar,"â˜†. Love is the greatest Jesus Christ is Loveâ™¥ï¸ Jesus is the reason why I blowğŸºğŸ“¯â™¥ï¸
Kindly Subscribe to my YouTube channel for divine refreshment ğŸ‘‡",True,889.0,409.0,False,2.0,False,False,,False,False,True,39.0,158.41666666666666,1
178,dnkb_walker,"Fellow @ch_commonfutures
âœŠğŸ¾Commitment Maker @cgiuniversity
ğŸ“šProject Manager @arise_e.v
H.E J.A Kufuor Scholar @jakfoundationgh",True,1714.0,1298.0,False,7.0,False,False,,False,False,True,36.0,60.416666666666664,1
179,philthompson,Living life with three munchkins and my beautiful wife.,False,391.0,244.0,False,0.0,False,False,,False,False,True,292.0,24.166666666666668,1
180,amartey_ayittah,One simple act of kindness can make a significant impact on an entire generation.â¤ï¸,False,382.0,308.0,False,0.0,False,False,,False,False,True,8.0,53.875,1
181,n_a_a_nyamekye,,False,379.0,380.0,False,1.0,False,False,,False,False,True,12.0,32.833333333333336,1
182,anistelnibso,"Buz page: @flawless_skin_secret 
ğŸŒºGod is greatğŸŒº
Student ğŸŒ¸Entrepreneur
Studies at University of Professional Studies,Accra",False,993.0,328.0,False,0.0,False,False,,False,False,True,17.0,58.333333333333336,1
183,elea_tork,,False,250.0,267.0,False,0.0,False,False,,False,False,True,5.0,22.0,1
184,naa_ah_wulah,"Godâ€™s PrinCess ğŸ‘¸ğŸ’ğŸ½â€â™€ï¸   Stop doubting yourselfğŸ™…â€â™€ï¸, work hardğŸ’ªğŸ½ and make it happen ğŸ’•.
@suelley_ash_anum  #iamaproudğŸ‡¬ğŸ‡­ #liverpoolfc âš½",False,672.0,550.0,False,0.0,False,False,,True,False,True,34.0,,1
185,afiiii.b_,"God âœŠğŸ¾
Mummyâ€™s girl forever ğŸ–¤ğŸ•Š
Sc:afi.benedicta
What God cannot do, does not exist 
Kindly follow @reliqueeventsgh",False,1613.0,938.0,False,7.0,False,False,,False,False,True,4.0,369.25,1
186,bhabsy,,False,21.0,0.0,False,0.0,False,False,,False,False,True,0.0,,1
187,shimiche,"A cuty.
God's princess
Music lover
Let's have fun and try new dress inspirationsğŸ˜˜",False,253.0,432.0,False,2.0,False,False,,False,False,True,18.0,32.0,1
188,miss_narh,"Learning the Law âš–ï¸
Bag Maker ğŸ‘œ @st.otiko
A creative basicallyâœ¨",False,1180.0,1362.0,False,5.0,False,False,,False,False,True,21.0,77.25,1
189,karenelesi,"Spoken Wordist,influencer and a Medical Doctor",False,1457.0,1469.0,False,0.0,False,False,,True,False,True,43.0,,1
190,_o_m_davis_,"My biggest assets are God and my brain, and man is about to maximize them!",False,585.0,663.0,False,1.0,False,False,,False,False,True,6.0,130.5,1
191,a_y_e_y_i_,"Je suis
Fils de Dieu
Jesus follower
Novemberâ€™s very own
Bride Whisperer
Business @_stepp_in @musicby.theesq
Co-Founder @thepink_alliance",True,1570.0,2391.0,False,2.0,False,False,,False,False,True,47.0,125.08333333333333,1
192,andy_o.k,"+Husband - @theophilia.ok
+Father -  The ARMOR BEARERS- Josh and Cal
+Prophet - Isaiah 58:8
+A preacher of the Gospel of JesusChrist
GOD is FAITHFUL",False,536.0,531.0,False,0.0,False,False,,False,False,True,28.0,49.25,1
193,lordin__a,"@light.wears 
Avoid contamination, limit your time with negative people ğŸŒ
Child of God ğŸ”¥...Chemical EngineerğŸ‘·ğŸ¾â€â™€ï¸... writerğŸ‘©ğŸ¾â€ğŸ’»... public speakerğŸ‘©ğŸ½",True,1316.0,1062.0,False,3.0,False,False,,False,False,True,24.0,114.33333333333333,1
194,miss_engmann,,False,276.0,778.0,False,0.0,False,False,,False,False,True,9.0,85.77777777777777,1
195,ebuka,,False,3990354.0,296.0,False,0.0,False,False,,False,True,True,880.0,98645.0,1
196,millinery_by_jess,"Exquisite handmade hats, hatinators and fascinators.
Contact: 0572111778/ 0507406075/ 0559049115
Location: Dadebu Road
Nyaniba Estates, Osu",True,1257.0,3202.0,False,4.0,True,False,,False,False,True,48.0,44.0,1
197,1kaymoh,"Life has no limitations, except the ones you make.
John 16:33 ğŸ’¥",False,1369.0,1112.0,False,3.0,False,False,,False,False,True,6.0,156.83333333333334,1
198,sir_djabs,,True,1028.0,1018.0,False,6.0,False,False,,False,False,True,12.0,212.83333333333334,1
199,dr_pryska,"ğŸ’«Just a girl enthusiastic about JESUS ğŸ“–
ğŸ’‰@paging.dr.okley (MD )
ğŸ‡¬ğŸ‡­Proud Ghanaian | Writer | Dancer 
ğŸ¦dr_pryska",True,2014.0,1554.0,False,8.0,False,False,,False,False,True,33.0,97.41666666666667,1
200,naalebrecht,,False,399.0,605.0,False,1.0,False,False,,False,False,True,77.0,28.166666666666668,1
201,niiayigabby,#OnGod,False,964.0,1788.0,False,1.0,False,False,,False,False,True,32.0,76.83333333333333,1
202,kobbydenkz,"#Kobby, I'm still working on my masterpiece",False,811.0,723.0,False,6.0,False,False,,False,False,True,10.0,145.2,1
203,ciara_nel,"â™ŒğŸ¦ 
â™¥ï¸â™¡ï¸â™¥ï¸â™¡ï¸â™¥ï¸â™¡ï¸â™¥ï¸â™¡ï¸â™¥ï¸â™¡ï¸â™¥ï¸â™¡ï¸â™¥ï¸â™¡ï¸â™¥ï¸â™¡ï¸â™¥ï¸â™¡ï¸â™¥ï¸â™¡ï¸â™¥ï¸â™¡ï¸
ğŸ¦‹ğŸ€ğ¼â€™ğ‘š ğ‘šğ‘’ ğ‘ğ‘›ğ‘‘ ğ‘¡â„ğ‘ğ‘¡â€™ğ‘  ğ‘ğ‘™ğ‘™ ğ‘– ğ‘ğ‘ğ‘› ğ‘ğ‘’ğŸ€ğŸ¦‹
â™¡ï¸â™¥ï¸â™¡ï¸â™¥ï¸â™¡ï¸â™¥ï¸â™¡ï¸â™¥ï¸â™¡ï¸â™¥ï¸â™¡ï¸â™¥ï¸â™¡ï¸â™¥ï¸â™¡ï¸â™¥ï¸â™¡ï¸â™¥ï¸â™¡ï¸â™¥ï¸â™¡ï¸â™¥ï¸",False,4390.0,3489.0,False,0.0,False,False,,True,False,True,32.0,,1
204,michie_opoku,God ğŸ™ musicğŸ’«dance,True,479.0,473.0,False,0.0,False,False,,False,False,True,45.0,75.58333333333333,1
205,miss_kisser,ğŸ˜Š,False,869.0,765.0,False,0.0,False,False,,False,False,True,0.0,,1
206,peee_eey,,False,137.0,196.0,False,0.0,False,False,,False,False,True,0.0,,1
207,elorm_teng,"Field Engineer 
GESA President 2017/18
APCES President 2016/17
elormteng@gmail.com",False,879.0,635.0,False,0.0,False,False,,False,False,True,7.0,142.14285714285714,1
208,lottysaved,"God's own, dweller
Entrepreneur ğŸŒğŸŒ
I owe you nothing but loveğŸ’
SC: abena-tiwaah",False,1052.0,495.0,False,0.0,False,False,,False,False,True,26.0,52.75,1
209,sophika_naddy,"Simple Lady and very friendly to everyone.
Nutritionist, Caterer, Makeup artist and Fashion and Designer..everybody deserve love",False,434.0,570.0,False,1.0,False,False,,False,False,True,35.0,36.5,1
210,thereal_mcfred,The fear of failing at what Iâ€™m not good at motivates me to be successful #thepocketkingğŸ¥ğŸ’¼ğŸ’µ #hustle #GodisKing,False,659.0,545.0,False,6.0,False,False,,False,False,True,11.0,52.18181818181818,1
211,aseyeadzo,,False,124.0,1691.0,False,0.0,False,False,,True,False,True,0.0,,1
212,samuelkoomson,,False,103.0,137.0,False,0.0,False,False,,False,False,True,36.0,7.833333333333333,1
213,pekayyyyyy,|| GÂ·OÂ·D || ğŸ‡¬ğŸ‡­ğŸŒ,False,1132.0,977.0,False,0.0,False,False,,True,False,True,7.0,,1
214,s.h.e_cosmetics_,"Ghanaian Beauty Brand ğŸ‡¬ğŸ‡­
âœ¨ğ”¼ğ•Ÿğ•™ğ•’ğ•Ÿğ•”ğ•šğ•Ÿğ•˜ ğ”¹ğ•–ğ•’ğ•¦ğ•¥ğ•ª ğ•šğ•Ÿ ğ”¸ğ•ƒğ•ƒ ğ•Šğ•œğ•šğ•Ÿğ•¥ğ• ğ•Ÿğ•–ğ•¤âœ¨
We ship worldwide ğŸŒ 
Shop via DM or WhatsApp using link below â¤µï¸
#crueltyfreebeauty",True,862.0,35.0,False,9.0,False,False,,False,False,True,89.0,32.916666666666664,1
215,blessdelali,,False,290.0,380.0,False,0.0,False,False,,False,False,True,349.0,10.833333333333334,1
216,oria_xx,,False,1066.0,972.0,False,1.0,False,False,,False,False,True,11.0,318.8181818181818,1
217,raymond_oppdap,,False,530.0,363.0,False,0.0,False,False,,False,False,True,41.0,65.08333333333333,1
218,mel_norte,ğŸ˜˜ğŸ¥°ğŸ˜œğŸ˜‰ğŸ˜,False,2663.0,1440.0,False,0.0,False,False,,True,False,True,80.0,,1
219,dr_phiti_,"Optometrist (OD)ğŸ‡¬ğŸ‡­.                                      
Godâ€™s girlâ£ï¸
Make this life count.ğŸ’«",False,1341.0,1031.0,False,1.0,False,False,,False,False,True,10.0,382.3,1
220,therealgamanye,"ğŸ¥YouTuber
| Content Creator| Influencer 
For inquiries/collaborations
ğŸ“§francesashong57@gmail.com
ğŸ“Accra,Ghana ğŸ‡¬ğŸ‡­",True,10400.0,2562.0,False,9.0,False,False,,False,False,True,35.0,813.25,1
221,jeremie2131,Certified Transformational Life Coach ğŸ“â€Soul Careâ€ğŸ“Jesus LoverğŸ“Radio/Tv Broadcaster ğŸ“Founder: Not Easily BrokenğŸ“AuthorğŸ“MCğŸ“Voice AdsğŸ“Purity Preacher,True,99166.0,1712.0,False,0.0,True,False,Creators & Celebrities,False,False,True,1225.0,2613.0,1
222,ruth.ss,,False,19.0,6.0,False,0.0,False,False,,False,False,True,0.0,,1
223,koko_batah,"Libra â™
OVOâ¤ï¸â¤ï¸",False,1361.0,3800.0,False,0.0,False,False,,True,False,True,6.0,,1
224,jnrgoddy,"Highly determined boy, who believes so much in GOD!",False,1042.0,2961.0,False,0.0,False,False,,False,False,True,63.0,103.66666666666667,1
225,aba_blaqq,ChristianğŸ™|| DaughterğŸ‘ª|| SisterğŸ‘«ğŸ‘­|| FriendğŸ‘«ğŸ‘­|| EntrepreneurğŸ’‡ğŸ•ğŸ”|| Food lover ğŸ·ğŸ«ğŸ°ğŸ˜||ARMYğŸ’œğŸ’œğŸ’œ,True,1273.0,1123.0,False,0.0,False,False,,True,False,True,61.0,,1
226,amazing_wills,"ğŸ…¶ğŸ…¾ğŸ…³ ğŸ…¸ğŸ†‚ ğŸ†ƒğŸ…·ğŸ…´ ğŸ…¶ğŸ†ğŸ…´ğŸ…°ğŸ†ƒğŸ…´ğŸ†‚ğŸ†ƒ 
Tulane BMEğŸ“
The Art of Body Mastery
ğŸ“ğŸ‡¬ğŸ‡­ğŸ‡ºğŸ‡¸
#calisthenics",False,3030.0,1240.0,False,3.0,False,False,,False,False,True,92.0,155.66666666666666,1
227,ivy.barley,Techie,True,8259.0,199.0,False,2.0,False,False,,False,False,True,188.0,592.9166666666666,1
228,k_w_a_ku,"OwurakuğŸ¥‚ğŸ’µ
â™’ï¸ Aquarius â™’ï¸ 
@Menscookgh ğŸ‘¨â€ğŸ³
Old school ğŸ¶
ğŸ‘‘â¤ï¸ğŸ¥‚Mummy.",False,1691.0,630.0,False,2.0,False,False,,False,False,True,0.0,,1
229,hairboutique_gh,"Accra-Ghana ğŸ‡¬ğŸ‡­  We Deal in the Best Quality Luxurious Hair Bundles, Closures, Frontals  ğŸ“¥ DM / CALL / Click on linkğŸ‘‡ğŸ¾to WhatsApp",False,5655.0,3618.0,False,2.0,True,False,Personal Goods & General Merchandise Stores,False,False,True,149.0,15.583333333333334,1
230,prillaarmah,"God's own NashbabeğŸ’
Music lover
SmilingBenz
Your favourite QueenğŸŒŸ",False,494.0,388.0,False,1.0,False,False,,False,False,True,49.0,29.75,1
231,kelvin_gyimah,"International Human Rights EnthusiastğŸ‘¨â€ğŸ‘©â€ğŸ‘§â€ğŸ‘¦âš–ï¸
Doctoral Researcher @brunellawschoolğŸ“š
Law Lecturer @westhertscollege ğŸ‘¨ğŸ½â€ğŸ«ğŸ‡¬ğŸ‡§
Proud GhanaianğŸ‡¬ğŸ‡­",False,1143.0,257.0,False,3.0,False,False,,False,False,True,27.0,96.0,1
232,jd_addy,I'm just trying to be a Christian first and everything else after. I will never stop learning. #StoryTeller,False,1924.0,998.0,False,0.0,False,False,,False,False,True,217.0,309.8333333333333,1
233,st_butterfly_,,False,274.0,269.0,False,0.0,False,False,,False,False,True,0.0,,1
234,hairsmith_gh,"â£ï¸Pro-Hairstylist
â£ï¸Bridal, wedding guest 
â£ï¸Wig making
Serving looks one strand at a time
Contact: 0273836121     
Available to travel",False,1681.0,912.0,False,11.0,True,False,Lifestyle Services,False,False,True,181.0,68.75,1
235,kwartty,,False,228.0,265.0,False,1.0,False,False,,False,False,True,20.0,22.333333333333332,1
236,abena_benny,"Stay HumbleğŸ˜Œ, Stay LowkeyğŸ¤‘, Stay IndependentâœŠğŸ¾...... Put God Firstâ˜ï¸Momma's words To Me Every MorningğŸ˜‡.",False,601.0,154.0,False,6.0,False,False,,False,False,True,20.0,178.41666666666666,1
237,_iamadwoaagyeiwaa,"Godâ€™s favorite (Ezekiel 36:30)
Aries â™ˆï¸ finest
KadieğŸ‘¸      ğŸ‘»Onlyprissy1
Follow @kadie_strands 
@chicpick_addition",False,845.0,944.0,False,0.0,False,False,,True,False,True,6.0,,1
238,tettey_mants3,,False,205.0,315.0,False,2.0,False,False,,False,False,True,43.0,27.25,1
239,unwavering_waters,"GOD Of HEALTH
â˜†â˜†|MD
â˜†â˜†| Healing Souls, Making Lives Whole
â˜†â˜†|@bishopcharisma made Me
For Jesus, His Gospel and His Churchâ˜ºï¸",False,1316.0,986.0,False,3.0,True,False,Creators & Celebrities,False,False,True,21.0,251.0,1
240,ann_dugbs1,,False,684.0,2531.0,False,0.0,False,False,,False,False,True,28.0,55.75,1
241,adwoaasaabea,"â–ªï¸Godâ€™s precious jewel ğŸ’ 
â–ªï¸Wife of a KINGğŸ’
â–ªï¸Mother of twins ğŸ‘©â€ğŸ‘§â€ğŸ‘§             
â–ªï¸G. Q.ğŸ‘¸ğŸ»",False,877.0,548.0,False,0.0,False,False,,True,False,True,11.0,,1
242,angelaopokubona,,False,484.0,215.0,False,0.0,True,False,Personal Goods & General Merchandise Stores,False,False,True,22.0,60.0,1
243,officialosas,"Actor
Host
Producer
Entrepreneur
Humanitarian
Founder of @JoyfulJoyFdn
ğŸ’•ğŸ’šAKAğŸ’•ğŸ’š 
Snapchat / Twitter: @officialosas 
OfficialOsas@gmail.com - Manager",True,1095513.0,2086.0,False,61.0,True,False,,False,True,True,3011.0,38155.5,1
244,naa_adjel,,False,737.0,1024.0,False,0.0,False,False,,False,False,True,2.0,116.0,1
245,aseye_golden,"â¤Godlover
â¤Goal Getter
â¤Love business and working with my handsğŸ˜…
HEBREWS 13:5ğŸ™
Follow my business page @goldens_bissap",False,1342.0,1316.0,False,2.0,False,False,,False,False,True,64.0,162.58333333333334,1
246,ama_anuonyam_asare,Foundation: @chaj_foundation,False,717.0,569.0,False,0.0,False,False,,True,False,True,26.0,,1
247,borteykharis,"Worship Leader, song writer, youth mentor Subscribe to AfroThrills YouTube channel for my videos. #GodMostHigh #gospelmusic",True,123.0,152.0,False,0.0,False,False,,False,False,True,10.0,15.1,1
248,annmarienaa,"Ann Marie NaağŸ‡¬ğŸ‡­ 
Nurse ğŸ‘©â€âš•ï¸ğŸ’‰ğŸ’‰ğŸ’Š. 
Entrepreneur ğŸ’¸ğŸ’¶ CEO @mariestrendz 
Godâ€™s own babeâ¤ï¸â¤ï¸ğŸ˜ğŸ˜
Small girl with a big God ğŸ™ŒğŸ½ğŸ™ŒğŸ½
Godâ€™s favorite ğŸ˜»",False,798.0,456.0,False,5.0,False,False,,False,False,True,29.0,75.5,1
249,darell_add,"ğŸ‘©â€âš•ï¸ in the making, God-madeâœï¸
Development Assistant for Africa @youifmsa 
Past President @fgmsa_ghğŸ‡¬ğŸ‡­
Past Local officer @scorp_fgmsağŸ—
#onlygetsbetter",True,1238.0,981.0,False,8.0,False,False,,False,False,True,27.0,253.41666666666666,1
250,ceoguah,"Servant 
Husband to @lebeneoguah 
God chaser
Impact investor",False,1070.0,654.0,False,0.0,False,False,,True,False,True,55.0,164.6,1
251,paulinadenteh,,False,333.0,289.0,False,0.0,False,False,,False,False,True,72.0,33.0,1
252,abla_dzidzi,"|student leader|
God girlğŸ˜‡
May 13ğŸ‰
EntrepreneurğŸ˜Š @zaffre_nails
Tarusâ™‰
Makeup lover ğŸ’„
Twitter:dzi.xx
B. Acc @mz_abla",False,1715.0,563.0,False,5.0,False,False,,False,False,True,121.0,63.833333333333336,1
253,awo_dinah,"Registered NurseğŸ’‰ğŸ‘©ğŸ¿â€âš•ï¸â¤ï¸ 
ModelğŸ‘¸ğŸ½ 
Face Of Narh Bita 2018ğŸ‘‘ 
Business acc @luxebyawo 
Proud Cancer â™‹ï¸ ğŸ¥°
#saynotoskinbleaching
 DM for bookingsğŸ˜ğŸ’ªğŸ¿",False,3854.0,1752.0,False,4.0,True,False,General Interest,False,False,True,292.0,130.66666666666666,1
254,rosie_redeemed,"Now on @_therealrosie_  go follow!
ğŸ”†I Thess. 4:11
ğŸ”†Theology + Art",False,34.0,43.0,False,0.0,False,False,,True,False,True,25.0,,1
255,mzmaameesi,"Iâ€™m a God girl ğŸ‘§ 
Music loverğŸµ 
Lawyer in the makingğŸ’ƒğŸ¿
Business account @hairsmith_gh",False,2154.0,2062.0,False,0.0,False,False,,True,False,True,28.0,,1
256,jasnibso,,False,407.0,307.0,False,0.0,True,False,Lifestyle Services,False,False,True,57.0,34.166666666666664,1
257,lariba._,.........ğŸ’ƒ,False,2258.0,1868.0,False,4.0,False,False,,False,False,True,11.0,1173.7272727272727,1
258,am_the_chosen,"Your Bubbly Vocal coach
â€œThe Jesus kind of girlâ€",True,3694.0,3845.0,False,10.0,True,False,Creators & Celebrities,False,False,True,249.0,348.4166666666667,1
259,adjoabirago,"Fashion Designer /Photo model/comms assistant. An epitome of Grace, humility & elegance. 
Miss Malaika 2018 delegate/Snapchat-vhar_nessah. @easy_bubu",False,6824.0,533.0,False,3.0,False,False,,False,False,True,21.0,960.1666666666666,1
260,naa_mo_mo,"Mrs. T
Kindly follow my business page @fragrance_store_gh",False,522.0,476.0,False,1.0,False,False,,False,False,True,285.0,44.083333333333336,1
261,nha_ddie,"GhanağŸ‡¬ğŸ‡­
FoodğŸ¥—
RGNğŸ‘©â€âš•ï¸",False,1667.0,2148.0,False,1.0,False,False,,False,False,True,2.0,388.0,1
262,aliciaaderogba,"Godâ€™sFavouriteğŸ’•
.
Architect || Interior designer || Graphic designer .
.
Architect @linestyleng 
.
Home Accessories plug @lineandstyle",False,12102.0,928.0,False,4.0,False,False,,False,False,True,70.0,397.1666666666667,1
263,saintjacinta,J the moneyvangelistğŸ’¸ğŸ¤©,False,4937.0,3470.0,False,1.0,False,False,,False,False,True,5.0,1810.2,1
264,manuel_theitguy_,"IT & Security Solutions Provider | Obviously not a Nerdy Techie | Loves Music | Adventure | Humane |
ğŸ¥YouTube/Business Account:@mannytech_solution",True,1842.0,996.0,False,0.0,False,False,,False,False,True,66.0,184.58333333333334,1
265,nanayaw.keysfit,SMS Service Provider,True,997.0,163.0,False,10.0,False,False,,False,False,True,134.0,19.916666666666668,1
266,light.wears,The Shirts ShopğŸ¥°    Basic TeesğŸ’   Delivery ğŸššservices availableğŸ‘ğŸ¾ What you see is what you get ğŸ¥°   Pre-orders only.   No refund!,False,1042.0,459.0,False,4.0,True,False,Personal Goods & General Merchandise Stores,False,False,True,170.0,9.75,1
267,vel__concepts,"Team of Corporate | Lifestyle Creatives
ğŸ‡¬ğŸ‡­:+ 233 201554000
ğŸ‡ºğŸ‡¸:+1 (614) 9675988
business@velvetconcepts.org
Non-Profit: @the_velvetfoundation",True,4726.0,1509.0,False,7.0,True,False,Business & Utility Services,False,False,True,117.0,215.41666666666666,1
268,jher_sika,"ğŸ’•God's ownâ¤
Kindly follow my business page @millinery_by_jess",False,487.0,562.0,False,0.0,False,False,,False,False,True,16.0,75.25,1
269,emmanuelnse_,"Iâ€™M BLACKğŸ˜ˆ
Archie @n3sbestfriendsintheworld 
ğŸ“¬-  Emmatex518@gmail.com",False,84378.0,334.0,False,6.0,False,False,,False,False,True,13.0,9689.583333333334,1
270,__nanaakua_,Loud introvert ğŸ˜‰,False,273.0,126.0,False,0.0,False,False,,False,False,True,0.0,,1
271,e_pappoe,"Jesus_Lover
Student
Slight_Addiction_to_plantain_chips
Hillsong_Fan",False,698.0,1375.0,False,0.0,False,False,,False,False,True,9.0,105.88888888888889,1
272,el_kobby,Designer | Photographer | Art Lover | UI/UX Designer @thenichekompany @kobla.nutakor,True,757.0,696.0,False,0.0,False,False,,False,False,True,586.0,62.75,1
273,adinkradoralyn,"Jesus is King ğŸ‘‘ 
Matthew 19:26 âœ¨",False,19184.0,3123.0,False,2.0,False,False,,False,False,True,9.0,405.6666666666667,1
274,marina_abla,"Poised 
ğŸ‡¬ğŸ‡­",False,1475.0,1255.0,False,14.0,False,False,,False,False,True,26.0,426.1666666666667,1
275,yamoaba,,False,150.0,549.0,False,0.0,False,False,,True,False,True,3.0,,1
276,mawukosiegu,The Apostolic Burden ğŸ”¥,False,862.0,1119.0,False,1.0,False,False,,False,False,True,131.0,53.25,1
277,denim_crafters,"ğŸ”µMULTI-BRAND DENIM RETAILER 
âšªï¸MALE & FEMALE JEANSğŸ‘– 
ğŸ”µDELIVERIES ON WEDNESDAYS & SATURDAYS ONLY
âŒNo Refunds / Exchange Allowed on T&Cs
WhatsApp us â¬‡ï¸",True,11263.0,299.0,False,10.0,True,False,Personal Goods & General Merchandise Stores,False,False,True,2478.0,17.75,1
278,scripp_t,"||EVENT MCğŸ¤|| ||MARKETER|| 
Manager @emmnockpowercomltd",False,33845.0,4787.0,False,10.0,True,False,Business & Utility Services,False,False,True,894.0,467.75,1
279,glamfactorygh,"Luxury Beauty Studio by @hosi_sisters 
ğŒğ¢ğ§ğ¤ ğ‹ğšğ¬ğ¡ ğ„ğ±ğ­ğğ§ğ¬ğ¢ğ¨ğ§ğ¬ | ğğ«ğ¨ğ° ğ‹ğšğ¦ğ¢ğ§ğšğ­ğ¢ğ¨ğ§ | ğŒğšğ¤ğğ®ğ© | ğ‡ğšğ¢ğ«
ğŸ“ Haatso, Accra
Click link below to book an appointment",False,9016.0,2331.0,False,6.0,False,False,,False,False,True,55.0,16.5,1
280,ama_bowartemaa,"My God reignsğŸ’«
antemidwyfğŸ˜€
Music loverâ¤ï¸",False,1136.0,1867.0,False,0.0,False,False,,False,False,True,16.0,206.0,1
281,isaacoppong2,Live Worship out now here https://youtu.be/qE5DsayJ2zo,False,823.0,1095.0,False,3.0,True,False,Creators & Celebrities,False,False,True,215.0,20.916666666666668,1
282,foster_okyere,,False,3.0,40.0,False,0.0,False,False,,False,False,True,1.0,5.0,1
283,mfc_lingerie,"We sell confidence, join the #FullChestGangğŸ’ªğŸ¾â¤ï¸",True,45247.0,1.0,False,7.0,True,False,Personal Goods & General Merchandise Stores,False,False,True,372.0,135.5,1
284,benaya_official,"The official Instagram account of BE NAYA.
We ship worldwide!",True,21999.0,0.0,False,1.0,True,False,Personal Goods & General Merchandise Stores,False,False,True,617.0,139.66666666666666,1
285,Restricted profile,,True,,,,,,,,,,True,,,1
286,_bhar_bie,"â€œOut of clutter, find simplicity.
From discord, find harmony.
In the middle of difficulty lies opportunity.â€
God first
Proudly BlackğŸ‡¬ğŸ‡­",False,281.0,214.0,False,0.0,False,False,,False,False,True,0.0,,1
287,giftvictorantai,"AhavahğŸŒ¸ğŸ¦‹
Literature â€¢ Fashion â€¢ Film
ğŸ“§bookgiftetim@gmail.com",True,81450.0,819.0,False,0.0,True,False,General Interest,False,False,True,18.0,12117.333333333334,1
288,acupofkhafi,"Student of Acting @royalacademyofdramaticart 
Presenter @nakedlovepod @premiergospel 
Wife ğŸ’ to @Gedoni 
Mother to @MalakaiAndMikah
Child of @God",True,1403392.0,402.0,False,18.0,False,False,,False,True,True,419.0,56001.083333333336,1
289,jeieldamina,"1/3 of @triplejplus | co-founder @neptune3studios
Olive in @n3sbestfriendsintheworld",True,412060.0,170.0,False,9.0,False,False,,False,True,True,238.0,52089.25,1
290,veeiye,"ğŸ‡¬ğŸ‡§/ğŸ‡³ğŸ‡¬
Pronounced: V.I
I do whatever makes me happy.âœ¨",False,1596689.0,564.0,False,0.0,False,False,,False,True,True,43.0,58135.666666666664,1
291,emanibeats,"Musician @preachersgh #Producer
#AWARDS: CCMA ğŸ† ğŸ†/AGMA UK ğŸ† /GGMA ğŸ†/GMA ITALY ğŸ†
#BIBLES UP! Out now: YEYEğŸ’ª",True,5832.0,6490.0,False,2.0,True,False,Creators & Celebrities,False,False,True,316.0,57.916666666666664,1
292,dedeembassy,CEO of  Dede's chips embassy,False,243.0,602.0,False,2.0,False,False,,False,False,True,160.0,11.333333333333334,1
293,gibson_crarl,"Jesus is my Lord and Savior!
#WorkhardStayhumble 
#GodRules
#Milliby30",False,1387.0,2115.0,False,0.0,False,False,,True,False,True,41.0,92.5,1
294,a.dai.sha,"â–«ï¸Hair/makeup inspo 
â–«ï¸YouTube: Adaisha Miriam
â–«ï¸Tik Tok: adaishamiriam
â–«ï¸Book an appointment with me: @beyondbraidsnbeauty",True,53323.0,1974.0,False,4.0,True,False,Personal Goods & General Merchandise Stores,False,False,True,167.0,1656.5833333333333,1
295,_ghoratio_,Nothing else but JESUS ğŸ™,False,645.0,737.0,False,0.0,False,False,,False,False,True,7.0,125.42857142857143,1
296,malvakale4946,Life is a journey embrace it !!!!,False,1097.0,700.0,False,0.0,False,False,,False,False,True,6.0,86.83333333333333,1
297,obibasandy,,False,1282.0,290.0,False,0.0,False,False,,True,False,True,30.0,,1
298,ea.valerie,Pursuit.Worship.ExcellenceğŸ¤ğŸ’«,False,188.0,143.0,False,0.0,False,False,,False,False,True,0.0,,1
299,jeswin_al,"International trade expertâœˆğŸš¢ğŸ›«
@win_sometrade ğŸŒ
GHğŸ‡¬ğŸ‡­/CHğŸ‡¨ğŸ‡³",True,547.0,510.0,False,1.0,True,False,Creators & Celebrities,False,False,True,54.0,39.416666666666664,1
300,dr_nuellie_,| Christian | Pharmacist | Singer | Health Advocate |,True,27404.0,1121.0,False,3.0,False,False,,False,False,True,185.0,1559.3333333333333,1
301,chryz._,"Jesusâ¤
Twitter: @chryzzzz_
You canâ€™t go wrong if youâ€™re comfortable in your own skin, love God, drink water, and mind your businessâœ¨",False,3533.0,804.0,False,0.0,False,False,,True,False,True,3.0,,1
302,senahosi,"God First ğŸ¤
Content Creator || Youtuber ğŸ¥ 
Co-Founder : @glamfactorygh 
CEO : @denim_crafters @s.h.e_cosmetics_ @beautyby_s.h.e",True,15979.0,938.0,False,12.0,False,False,,False,False,True,114.0,582.25,1
303,_abenatuah,"GodğŸ¥¹â¤ï¸
Dm for paid adsğŸ“¢
Letâ€™s learn together â™¾ï¸
22.02ğŸ‘¸ğŸŠ
Snapchat:abenatuah 
YouTube: https://youtube.com/@Abenatuah",True,2294.0,1686.0,False,7.0,True,False,Creators & Celebrities,False,False,True,17.0,278.4166666666667,1
304,aaronasugre,,False,331.0,0.0,False,0.0,False,False,,False,False,True,0.0,,1
305,nhyira_samaa,,False,810.0,1020.0,False,4.0,False,False,,False,False,True,21.0,71.91666666666667,1
306,jesidamina,"ğŸµ Singer/songwriter âœ¨ 
Writer ğŸ“š Cofounder @neptune3studios",True,17872.0,258.0,False,1.0,False,False,,False,False,True,12.0,7019.333333333333,1
307,thabangmolaba_,"Actor â€¢ Dark Horse â€¢ Dominant Silverback ğŸ¦ 
ğŸ“§ : info@thabangmolaba.co.za",True,642491.0,1327.0,False,7.0,True,False,Creators & Celebrities,False,True,True,139.0,84601.66666666667,1
308,jemidamina,"âœ¨NEW ACCOUNTâœ¨
A peng black girl trying to make a difference âœ¨
Co-founder: @neptune3studios @triplejplus 
Director/Producer: @n3sbestfriendsintheworld",True,23785.0,167.0,False,0.0,False,False,,False,False,True,26.0,4634.333333333333,1
309,jemimamante,,False,883.0,748.0,False,0.0,False,False,,False,False,True,6.0,117.0,1
310,obedpsych,"ğŸ¤ Lead Singer @PreachersGh
ğŸ† Rapper of The Year UEMA â€˜21
ğŸ¨ Creative Director | @obedthecreator @tttriplepictures 
ğŸ“Burnaby, BC, Canada",True,16369.0,2466.0,False,5.0,True,False,Creators & Celebrities,False,False,True,159.0,62.5,1
311,solasobowale,,True,1572539.0,624.0,False,0.0,True,False,Creators & Celebrities,False,True,True,1238.0,21878.166666666668,1
0,5x_77886,"â€â€®m_argatsniyab â€¬â€â€ªâ™«: ğ‘ºğ‘¶ğ‘ºğŸ”—. 
â™«: 16: ğ’€.ğ‘¶ğŸ†. 
â™«: ğ‘°ğ‘¹ğ‘¨ğ‘¸ğŸ‡®ğŸ‡¶ğŸŒ¿.
 
- Ø¹ÙŠÙ†Ø§Ù‡Ø§ ØªÙ‚Ù†Ø¹ Ø§Ù„Ù…Ù„Ø­Ø¯ÙŠÙ† Ø¨Ø£Ù†Ù‘ Ø§Ù„Ù„Ù‡ Ù…ÙØ¨Ø¯Ø¹ .",False,87.0,4122.0,False,0.0,False,False,,False,False,True,4.0,7.5,0
1,Restricted profile,,True,,,,,,,,,,True,,,0
2,alipoco200,,False,85.0,6812.0,False,0.0,False,False,,False,False,True,5.0,0.6,0
3,maria.saberii7,,False,71.0,5925.0,False,0.0,False,False,,True,False,True,23.0,,0
4,athena.____.a,,False,138.0,5908.0,False,0.0,False,False,,False,False,True,4.0,54.5,0
5,fflw822,âœŒâœŒ,False,39.0,1175.0,False,0.0,False,False,,False,False,True,4.0,1.5,0
6,h__mm3060,,False,78.0,5138.0,False,0.0,False,False,,False,False,True,4.0,3.5,0
7,akaaka1444,,False,63.0,2300.0,False,0.0,False,False,,False,False,True,22.0,0.0,0
8,mohamad90641,,False,67.0,5176.0,False,0.0,False,False,,False,False,True,10.0,1.4,0
9,stoppa_l,There is love there is pain,False,2090.0,6048.0,False,0.0,False,False,,False,False,True,3.0,18.333333333333332,0
10,beauty_hamedan,Beauty woman,False,1106.0,6488.0,False,0.0,False,False,,True,False,True,48.0,,0
11,yahya06jh,,False,63.0,2586.0,False,0.0,False,False,,False,False,True,10.0,0.0,0
12,loq__o190,Ø­Ø³Ø§Ø¨ Ù„Ù„ØªÙØ§Ø¹Ù„,False,80.0,1733.0,False,0.0,False,False,,False,False,True,4.0,2.25,0
13,arezu_0099,,False,75.0,3693.0,False,0.0,False,False,,False,False,True,22.0,0.8333333333333334,0
14,reza13_43,,False,66.0,35.0,False,0.0,False,False,,False,False,True,0.0,,0
15,mitra_____780,,False,70.0,565.0,False,0.0,False,False,,False,False,True,22.0,0.16666666666666666,0
16,eshaqjohri,,False,47.0,569.0,False,0.0,False,False,,False,False,True,23.0,0.0,0
17,5x_77883,"â€â€®m_argatsniyab â€¬â€â€ªâ™«: ğ‘ºğ‘¶ğ‘ºğŸ”—. 
â™«: 16: ğ’€.ğ‘¶ğŸ†. 
â™«: ğ‘°ğ‘¹ğ‘¨ğ‘¸ğŸ‡®ğŸ‡¶ğŸŒ¿.
 
- Ø¹ÙŠÙ†Ø§Ù‡Ø§ ØªÙ‚Ù†Ø¹ Ø§Ù„Ù…Ù„Ø­Ø¯ÙŠÙ† Ø¨Ø£Ù†Ù‘ Ø§Ù„Ù„Ù‡ Ù…ÙØ¨Ø¯Ø¹ .â€â€®m_argatsniyab",False,98.0,5175.0,False,0.0,False,False,,False,False,True,4.0,6.25,0
18,reza14_43,,False,58.0,5808.0,False,0.0,False,False,,False,False,True,22.0,1.1666666666666667,0
19,bahadori9072,,False,176.0,6840.0,False,0.0,False,False,,False,False,True,22.0,1.8333333333333333,0
20,zmsoheyl,,False,77.0,5462.0,False,0.0,False,False,,False,False,True,22.0,3.0,0
21,susaneblikk,Jojoba,False,122.0,6082.0,False,0.0,False,False,,False,False,True,4.0,6.0,0
22,boomb85852,,False,48.0,1699.0,False,0.0,False,False,,True,False,True,24.0,,0
23,3hrbf.f,,False,237.0,5931.0,False,0.0,False,False,,False,False,True,4.0,43.5,0
24,saman311311,,False,81.0,3072.0,False,0.0,False,False,,False,False,True,23.0,2.6666666666666665,0
25,shadloohesam9090,,True,63.0,651.0,False,0.0,False,False,,False,False,True,26.0,0.16666666666666666,0
26,Restricted profile,,True,,,,,,,,,,True,,,0
27,hjjriri,,False,75.0,6988.0,False,0.0,False,False,,False,False,True,13.0,0.16666666666666666,0
28,amir17890g,,False,44.0,198.0,False,0.0,False,False,,False,False,True,5.0,0.0,0
29,kamii__mirzaeii,"GymğŸ’ª
ğŸ turkey
Born: iran
pv",False,54.0,2512.0,False,0.0,False,False,,True,False,True,4.0,,0
30,asak778,,False,38.0,318.0,False,0.0,False,False,,False,False,True,24.0,0.0,0
31,daniyal_real,"à¼’â˜¬ğƒğšğ§ğ¢ğ²ğšğ¥ ğšğ¥ğ¢ğ¦ğ¨ğ¡ğšğ¦ğ¦ğšğğ¢â˜¬ à¼’ 
ğŸ—œï¸ğğ¢ğ¨ğ¦ğğğ¢ğœğšğ¥ ğğ§ğ ğ¢ğ§ğğğ«
ğŸ“‹ğ©ğ«ğ¨ğ£ğğœğ­ ğ¦ğšğ§ğšğ ğğ¦ğğ§ğ­ (ğğ±ğŸğ¨ğ«ğ) & (ğŒğğ“)
ğŸ–ï¸Ù…Ø®ØªØ±Ø¹ 
 Ø§Ù†Ø¬Ù…Ù† Ù…ØªØ®ØµØµÛŒÙ† ØªØ¬Ù‡ÛŒØ²Ø§Øª Ù¾Ø²Ø´Ú©ÛŒ ğŸ‡®ğŸ‡·
âœğŸ¼ğ°ğ«ğ¢ğ­ğğ«
ğŸ¼ğ ğ®ğ¢ğ­ğšğ«ğ¢ğ¬ğ­",False,4592.0,1011.0,False,9.0,False,False,,False,False,True,6.0,1621.0,0
32,abtin_xx19,â™¦ï¸ğŸ§¿Ø§Ø¨ØªÛŒÙ† ÛŒÙˆØ³Ù Ø´Ø§Ù‡ÛŒ  Ø§Ø²    Ø³Ø§Ø±ÛŒ( Ø±ÙÛŒÙ‚=Ù…Ø§Ø¯Ø± =ÙÙˆØªØ¨Ø§Ù„ğŸ˜‰âš½ï¸ğŸ’š)â™¤â—‡â™¡â™§ â™¤â—‡â™¡â™§ ğŸ§¿â™¦ï¸ğŸª„,False,948.0,2986.0,False,0.0,False,False,,False,False,True,25.0,41.416666666666664,0
33,alimmdi76,,False,83.0,1915.0,False,0.0,False,False,,False,False,True,4.0,0.75,0
34,roy_a666,,False,0.0,0.0,False,0.0,False,False,,True,False,True,0.0,,0
35,jahni111,,False,109.0,6019.0,False,1.0,False,False,,False,False,True,8.0,3.375,0
36,aliro_kham,,False,166.0,1996.0,False,0.0,False,False,,False,False,True,4.0,3.75,0
37,hamed123859,,False,155.0,6051.0,False,0.0,False,False,,False,False,True,5.0,2.2,0
38,narmak_ma,"ØµÙØ­Ù‡ Ø³Ø§Ú©Ù†ÛŒÙ† Ùˆ Ø¯ÙˆØ³Øª Ø¯Ø§Ø±Ø§Ù† Ù…Ø­Ù„Ù‡ Ù‚Ø¯ÛŒÙ…ÛŒ Ù†Ø§Ø±Ù…Ú©
Ø§Ø®Ø¨Ø§Ø± Ùˆ Ø±ÙˆÛŒØ¯Ø§Ø¯Ù‡Ø§ÛŒ Ù…Ø­Ù„Ù‡ Ù†Ø§Ø±Ù…Ú© Ø±Ø§ Ø¯Ø± Ù†Ø§Ø±Ù…Ú© Ù…Ø§ Ù¾ÛŒÚ¯ÛŒØ±ÛŒ Ú©Ù†ÛŒØ¯ ğŸ˜Š
Ø³ÙˆÚ˜Ù‡ Ù‡Ø§ÛŒ Ø®ÙˆØ¯ Ø±Ø§ Ø¨Ø§ Ù…Ø§ Ø¨Ù‡ Ø§Ø´ØªØ±Ø§Ú© Ø¨Ú¯Ø°Ø§Ø±ÛŒØ¯
#Ù†Ø§Ø±Ù…Ú©",False,137.0,57.0,False,0.0,False,False,,False,False,True,9.0,17.22222222222222,0
39,zaiden001,indonesia,False,5.0,411.0,False,0.0,False,False,,False,False,True,6.0,0.0,0
40,tataloo.momo,,False,117.0,5574.0,False,0.0,False,False,,False,False,True,4.0,5.5,0
41,sanazsare9,,False,49.0,739.0,False,0.0,False,False,,False,False,True,22.0,0.0,0
42,shoes_aryana,"ğŸ´ÙØ±ÙˆØ´Ú¯Ø§Ù‡ Ú©ÙØ´ Ø¯Ù†ÛŒØ§ÛŒ Ø§Ø³Ù¾Ø±ØªğŸ´
â‡Ø¹Ø±Ø¶Ù‡ Ø¬Ø¯ÛŒØ¯ØªØ±ÛŒÙ† Ú©ÙØ´ Ù‡Ø§ÛŒ Ø§Ø³Ù¾Ø±Øª Ø²Ù†Ø§Ù†Ù‡ ÙˆÙ…Ø±Ø¯Ø§Ù†Ù‡â‡
ğŸ‡Ø¨Ø§Ø¨Ù‡ØªØ±ÛŒÙ† Ú©ÛŒÙÛŒØª ÙˆÙ‚ÛŒÙ…ØªğŸ‡
Ø§Ø±Ø³Ø§Ù„ Ø¨Ù‡ Ø³Ø±Ø§Ø³Ø±Ú©Ø´ÙˆØ±Ø±Ø§ÛŒÚ¯Ø§Ù†ğŸš˜âœˆâœˆ",False,22.0,21.0,False,0.0,False,False,,False,False,True,9.0,4.888888888888889,0
43,alialipor201,,False,189.0,6261.0,False,0.0,False,False,,False,False,True,22.0,7.583333333333333,0
44,meli.sx11,Ù¾ÛŒØ¬ Ù‚Ø¨Ù„ÛŒÙ… Ù‡Ú© Ø´Ø¯Ù‡,False,95.0,4428.0,False,0.0,False,False,,True,False,True,10.0,,0
45,sorosh.40018,,False,149.0,6460.0,False,0.0,False,False,,False,False,True,22.0,15.0,0
46,chiko4357,,False,115.0,5406.0,False,0.0,False,False,,False,False,True,5.0,2.2,0
47,Restricted profile,,True,,,,,,,,,,True,,,0
48,Restricted profile,,True,,,,,,,,,,True,,,0
49,tazia_neh2,mitra ya hasan âœ‹,False,55.0,1072.0,False,0.0,False,False,,False,False,True,4.0,2.0,0
50,5x_77882,"â€â€®m_argatsniyab â€¬â€â€ªâ™«: ğ‘ºğ‘¶ğ‘ºğŸ”—. 
â™«: 16: ğ’€.ğ‘¶ğŸ†. 
â™«: ğ‘°ğ‘¹ğ‘¨ğ‘¸ğŸ‡®ğŸ‡¶ğŸŒ¿.
 
- Ø¹ÙŠÙ†Ø§Ù‡Ø§ ØªÙ‚Ù†Ø¹ Ø§Ù„Ù…Ù„Ø­Ø¯ÙŠÙ† Ø¨Ø£Ù†Ù‘ Ø§Ù„Ù„Ù‡ Ù…ÙØ¨Ø¯Ø¹ .",False,95.0,6323.0,False,0.0,False,False,,False,False,True,4.0,15.25,0
51,ali7.8015,https://youtu.be/h5qcriHuUrc,False,76.0,6134.0,False,0.0,False,False,,False,False,True,10.0,1.2,0
52,hale1375_,"Ø§Ø±Ø¯ÛŒØ¨Ù‡Ø´Øª
1375
Ù¾Ù„Ø§Ú©5
Ù…Ø·Ø§Ù„Ø¹Ù‡
ØªÙ†ÛŒØ³
Ø¯ÙˆÚ†Ø±Ø®Ù‡ Ø³ÙˆØ§Ø±ÛŒ",False,82.0,5083.0,False,0.0,False,False,,False,False,True,23.0,2.5,0
53,salar.ahmadi78,,False,84.0,3631.0,False,0.0,False,False,,True,False,True,22.0,,0
54,wewe8485,,False,0.0,1.0,False,0.0,False,False,,False,False,True,0.0,,0
55,samaneh33245,,False,102.0,6291.0,False,0.0,False,False,,False,False,True,21.0,5.333333333333333,0
56,23black_pubge,"Pubg Mobile
TEAM_23BLAKCE
#Game play 
#scrim 
#tornoment
ğŸ‡¦ğŸ‡«ğŸ‡®ğŸ‡·",False,1315.0,1950.0,False,0.0,False,False,,False,False,True,1.0,50.0,0
57,Restricted profile,,True,,,,,,,,,,True,,,0
58,maryam_asllamii,,False,88.0,4847.0,False,0.0,False,False,,True,False,True,23.0,,0
59,oppppop2,,False,0.0,213.0,False,0.0,False,False,,True,False,True,0.0,,0
60,tatalpary,,False,138.0,6354.0,False,0.0,False,False,,False,False,True,4.0,3.0,0
61,okazchoob1,,False,62.0,1682.0,False,0.0,False,False,,False,False,True,10.0,0.2,0
62,be_hnam7444,,False,15.0,21.0,False,0.0,False,False,,False,False,True,0.0,,0
63,vvvv77770987,,False,35.0,378.0,False,0.0,False,False,,False,False,True,5.0,3.2,0
64,5x_77881,"â€â€®m_argatsniyab â€¬â€â€ªâ™«: ğ‘ºğ‘¶ğ‘ºğŸ”—. 
â™«: 16: ğ’€.ğ‘¶ğŸ†. 
â™«: ğ‘°ğ‘¹ğ‘¨ğ‘¸ğŸ‡®ğŸ‡¶ğŸŒ¿.
 
- Ø¹ÙŠÙ†Ø§Ù‡Ø§ ØªÙ‚Ù†Ø¹ Ø§Ù„Ù…Ù„Ø­Ø¯ÙŠÙ† Ø¨Ø£Ù†Ù‘ Ø§Ù„Ù„Ù‡ Ù…ÙØ¨Ø¯Ø¹ .",False,94.0,6374.0,False,0.0,False,False,,False,False,True,4.0,9.0,0
65,behnam901,,False,157.0,4783.0,False,0.0,False,False,,False,False,True,3.0,4.666666666666667,0
66,jenab_mohammadreza,"Ø¨Ø§ Ù‚Ù„Ø¨ÛŒ Ú©Ù‡ Ø³Ù…Øª Ú†Ù¾Ù‡ .Ù†Ù…ÛŒØ´Ù‡ Ø±Ø§Ù‡ Ø±Ø§Ø³Øª Ø±ÙØª
ğŸ Ardabil ğŸ 
ğŸ‘‘Turk ğŸ‘‘
#love_car
#awat_bokani
ğŸ“¥ØªØ¨Ù„ÛŒØºØ§Øª Ùˆ Ø³ÙØ§Ø±Ø´Ø§Øª Ù¾Ø°ÛŒØ±ÙØªÙ‡ Ù…ÛŒ Ø´ÙˆØ¯ğŸ“¤
ğŸ’™TAJğŸ’™",False,9906.0,584.0,False,4.0,False,False,,False,False,True,4.0,1249.25,0
67,naser_joon2,,False,82.0,4354.0,False,0.0,False,False,,False,False,True,4.0,0.25,0
68,kambiiz_56,Ø®ÛŒÙ„ÛŒ Ø²ÙˆØ¯ ØŒ Ø¯ÛŒØ± Ø´Ø¯ ØŒØŒØŒØŒØŒØŒØŒ,False,202.0,4558.0,False,0.0,False,False,,True,False,True,24.0,,0
69,sefiane50,,False,142.0,5844.0,False,0.0,False,False,,False,False,True,4.0,2.75,0
70,mariiijjjooon,"New page
Hmd
Fitnes
Ordibeheshti",False,432.0,5803.0,False,0.0,False,False,,False,False,True,5.0,24.2,0
71,pp.xt321,,False,48.0,722.0,False,0.0,False,False,,False,False,True,23.0,0.08333333333333333,0
72,six._.time,,False,94.0,3252.0,False,0.0,False,False,,False,False,True,0.0,,0
73,toma56125612,,False,103.0,6327.0,False,0.0,False,False,,False,False,True,8.0,3.375,0
74,1384.ayda.1384,"AydağŸ˜Š
15ğŸ˜‹
MaghrorğŸ˜’
SingeleğŸ™ƒ
MehrabğŸ˜",False,327.0,5884.0,False,0.0,False,False,,False,False,True,4.0,38.0,0
75,gosghi.2199,,False,41.0,1236.0,False,0.0,False,False,,False,False,True,4.0,1.0,0
76,inix34,,False,72.0,1062.0,False,0.0,False,False,,False,False,True,29.0,0.0,0
77,hamed.tabrizi.fan.page,Amirrr loveeeeexkckdjjdjcjfdj,False,93.0,3631.0,False,0.0,False,False,,False,False,True,10.0,2.2,0
78,yasin.e00,,False,53.0,3469.0,False,0.0,False,False,,False,False,True,5.0,1.0,0
79,mama_d1155,,False,100.0,5330.0,False,0.0,False,False,,False,False,True,24.0,4.75,0
80,homeland_golshahr,"â€¢Ù†Ù…Ø§ÛŒÙ†Ø¯Ú¯ÛŒ ØªØ±Ú©ÛŒÙ‡ØŒÚ¯Ø±Ø¬Ø³ØªØ§Ù† Ø¯Ø±Ø§Ù„Ø¨Ø±Ø²
â€¢Ø®Ø±ÛŒØ¯ØŒÙØ±ÙˆØ´ØŒØ±Ù‡Ù†ØŒØ§Ø¬Ø§Ø±Ù‡ Ø¯Ø± Ú©Ø±Ø¬
#Ù‡ÙˆÙ…_Ù„Ù†Ø¯_Ú¯Ù„Ø´Ù‡Ø±
Ø´Ù…Ø§Ø±Ù‡ ÙˆØ§ØªØ³Ø§Ù¾ 09011612323
ØªÙ„ÙÙ† Ø³Ø§ÛŒØª 02634094744",False,12075.0,289.0,False,4.0,True,False,Professional Services,False,False,True,269.0,20.916666666666668,0
81,goldanreza,,False,134.0,4554.0,False,0.0,False,False,,False,False,True,10.0,2.5,0
82,dashali___joker,"ğŸ˜ŠÙ‡Ù…ÛŒØ´Ù‡ Ø¨Ø®Ù†Ø¯ Ø­ØªÛŒ Ø§Ú¯Ù‡ ØºÙ… Ø¯Ø§Ø±ÛŒğŸ™‚
Ù¾ÛŒØ¬ Ø±Ø³Ù…ÛŒ Ø¯Ø§Ø´ Ø¹Ù„ÛŒ ğŸ‘ˆ
ğŸ‘‰ğŸ‘‰ğŸ‘‰ğŸ‘‰ğŸ‘‰ğŸ‘‰ğŸ‘‰@dashaliactor ğŸ‘ˆğŸ‘ˆğŸ‘ˆğŸ‘ˆğŸ‘ˆğŸ‘ˆ",False,227.0,7249.0,False,0.0,False,False,,True,False,True,10.0,,0
83,gangestr1,,False,64.0,743.0,False,0.0,False,False,,True,False,True,4.0,,0
84,qaditrr,,False,82.0,4483.0,False,0.0,False,False,,False,False,True,4.0,6.0,0
85,arm_an7731,,False,107.0,5904.0,False,0.0,False,False,,False,False,True,4.0,5.75,0
86,sober2125,,False,164.0,2908.0,False,0.0,False,False,,False,False,True,6.0,0.5,0
87,mona.babr,,False,192.0,5867.0,False,0.0,False,False,,False,False,True,4.0,24.25,0
88,taha00755,,False,76.0,5951.0,False,0.0,False,False,,False,False,True,22.0,2.8333333333333335,0
89,shahab.rade,"Ùˆ ÛŒÙÚ© Ù†ÙÙØ± Ø¯Ø± Ø§ÛŒÙ†Ø¬Ø§ Ø¨ÙØ±Ø§ÛŒ ""Ù†ÙÙÙ€Ù€Ù€Ù€Ù€Ø³"" Ú©ÙØ´ÛŒØ¯ÙÙ† ""ØªÙÙ€Ù€Ù€Ù€Ù€Ùˆ"" Ø±Ø§ Ø¨ÙÙ‡Ø§Ù†ÙÙ‡ Ù…ÛŒ Ú©ÙÙ†Ø¯.",False,64.0,2901.0,False,1.0,False,False,,False,False,True,22.0,1.4166666666666667,0
90,tina.mina0,Tina is the greatest Mina!,False,161.0,6009.0,False,0.0,False,False,,False,False,True,10.0,3.4,0
91,sadrn51742020,,False,90.0,4991.0,False,0.0,False,False,,True,False,True,7.0,,0
92,esi13830,,False,64.0,4292.0,False,0.0,False,False,,False,False,True,4.0,5.5,0
93,jiji_bofan,Ú©ğŸ²ğŸ²ğŸ¹ğŸ¶ğŸ¨,False,183.0,6069.0,False,0.0,False,False,,False,False,True,4.0,14.0,0
94,meti084,,False,41.0,710.0,False,0.0,False,False,,False,False,True,4.0,0.0,0
95,nazi.jan.payezi,,False,189.0,6176.0,False,0.0,True,False,General Interest,False,False,True,16.0,4.083333333333333,0
96,ali_49201,,False,93.0,4946.0,False,0.0,False,False,,False,False,True,22.0,0.4166666666666667,0
97,nopo998,,False,141.0,6130.0,False,0.0,False,False,,False,False,True,10.0,5.8,0
98,qwsoheyl,,False,69.0,4652.0,False,0.0,False,False,,False,False,True,22.0,0.8333333333333334,0
99,banoy_paeizy,"I loveğŸ’khoda,mamanam,babam,dadashamğŸ’
aban mahi
Direct=blockğŸ˜¡
Ù…Ù…Ù†ÙˆÙ† Ø§Ø² Ø­Ø³Ù† ØµØ¨ÙˆØ±ÛŒ Ú©Ù‡ Ù¾ÛŒØ¬Ù… Ø±Ùˆ Ø¨Ø±Ú¯Ø±Ø¯ÙˆÙ†Ø¯
@hassan_saboorii",False,206.0,6421.0,False,0.0,False,False,,False,False,True,75.0,45.25,0
100,alakiebabie1,,False,60.0,3045.0,False,0.0,False,False,,False,False,True,22.0,1.5833333333333333,0
101,amirijik4,,False,94.0,5940.0,False,0.0,False,False,,False,False,True,9.0,1.3333333333333333,0
102,jesi5303,,False,104.0,6056.0,False,0.0,False,False,,False,False,True,4.0,2.5,0
103,sanazz498,,False,5.0,125.0,False,0.0,False,False,,False,False,True,4.0,0.0,0
104,alimohamadi4487,,False,64.0,5267.0,False,0.0,False,False,,True,False,True,10.0,,0
105,mr.seda.71,,False,60.0,5194.0,False,0.0,False,False,,False,False,True,23.0,2.8333333333333335,0
106,poorianv777,,False,47.0,782.0,False,0.0,False,False,,False,False,True,4.0,0.5,0
107,rohangiz443,,False,122.0,6007.0,False,2.0,False,False,,False,False,True,22.0,8.416666666666666,0
108,igjv87,,False,50.0,2209.0,False,0.0,False,False,,False,False,True,10.0,0.0,0
109,agayezifake68,,False,173.0,4561.0,False,0.0,False,False,,False,False,True,10.0,0.9,0
110,haji10580,,False,107.0,3821.0,False,0.0,False,False,,False,False,True,4.0,1.5,0
111,kkll124500,,False,72.0,5982.0,False,0.0,False,False,,True,False,True,4.0,,0
112,nazila112288,"New page
Falow=Falow
Shat=Shat",False,222.0,5611.0,False,0.0,False,False,,False,False,True,4.0,139.0,0
113,armaa_n1377,,False,94.0,5467.0,False,0.0,False,False,,False,False,True,4.0,2.0,0
114,tataloo4731,Tataliti,False,86.0,1994.0,False,0.0,False,False,,False,False,True,6.0,4.666666666666667,0
115,minooo__7990099,TehğŸŒ¹,False,62.0,6567.0,False,0.0,False,False,,True,False,True,6.0,,0
116,mostafaghodsi51,,False,85.0,6074.0,False,0.0,False,False,,False,False,True,4.0,4.25,0
117,na1111hid,,False,47.0,1872.0,False,0.0,False,False,,False,False,True,4.0,1.5,0
118,sali.no12,,False,86.0,6523.0,False,0.0,False,False,,False,False,True,4.0,4.25,0
119,mary.amm7522,turk,False,53.0,1978.0,False,0.0,False,False,,False,False,True,23.0,5.833333333333333,0
120,sadegh_abde,,False,0.0,0.0,False,0.0,False,False,,False,False,True,0.0,,0
121,zohor189,#Ø§Ù…Ø§Ù…_Ø²Ù…Ø§Ù†_Ø¹Ø¬,False,66.0,5167.0,False,0.0,True,False,Publishers,False,False,True,22.0,2.25,0
122,boomb85853,,False,56.0,1429.0,False,0.0,False,False,,False,False,True,24.0,0.0,0
123,rami_n6634,Baresie keifiat,False,100.0,6963.0,False,0.0,False,False,,False,False,True,4.0,2.75,0
124,itx_laila_,"Islamabad ğŸ€
PathanğŸ‡µğŸ‡°â¤ï¸ğŸ‡¦ğŸ‡«
Pubg-lover ğŸ”¥
19ğŸ¦‹
SingleğŸ˜
Sagittarius â™
Dream :Love to become lawyer âš–ï¸
Your attitude may hurt me, but mine can Kill you",False,55.0,220.0,False,0.0,False,False,,True,False,True,0.0,,0
125,maryam_heidary021,"ğŸ‡®ğŸ‡·ØªØ§Ø¨Ø¹ Ù‚ÙˆØ§Ù†ÛŒÙ† Ø¬Ù…Ù‡ÙˆØ±ÛŒ Ø§Ø³Ù„Ø§Ù…ÛŒ Ø§ÛŒØ±Ø§Ù†
Ù„Ø·ÙØ§ Ø§Ù†ØªÙ‚Ø§Ø¯ Ùˆ Ù†Ø¸Ø±ØªÙˆÙ†Ùˆ Ø¨Ø§ Ø§Ø­ØªØ±Ø§Ù… Ø¨ÛŒØ§Ù† Ú©Ù†ÛŒØ¯",False,123.0,6339.0,False,0.0,False,False,,True,False,True,4.0,,0
126,miladjhanshahlo,,False,0.0,1.0,False,0.0,False,False,,False,False,True,0.0,,0
127,sol_ad6,Az kore dar mirm,False,88.0,6970.0,False,0.0,False,False,,False,False,True,4.0,1.5,0
128,kharazian_gallery,"âšœğ¤ğ¡ğšğ«ğšğ³ğ¢ğšğ§_ğ ğšğ¥ğ¥ğğ«ğ²âšœ
(Ø³Ø§Ø±ÛŒ.Ù…ÛŒØ¯Ø§Ù† Ø³Ø§Ø¹Øª.Ù…Ø±Ú©Ø² ØªØ¬Ø§Ø±ÛŒ Ù…ÙÛŒØ¯ÛŒ)
Ø§Ø±Ø³Ø§Ù„ Ø¨Ù‡ Ø³Ø±Ø§Ø³Ø± Ø§ÛŒØ±Ø§Ù† Ø¨Ø§ÙØ§Ú©ØªÙˆØ±ğŸ›’ğŸ’¨
Ø·Ø±Ø§Ø­ÛŒ Ùˆ Ø³Ø§Ø®Øª Ù‡Ø±Ú¯ÙˆÙ†Ù‡ Ø³ÙØ§Ø±Ø´ ğŸŒ
01133303998 â˜ï¸
09111519819 ğŸ“²",False,137.0,7.0,False,0.0,False,False,,False,False,True,20.0,61.0,0
129,bahadori9041,,False,137.0,6293.0,False,0.0,False,False,,False,False,True,22.0,2.6666666666666665,0
130,mhtb_joon71,"â›¹ï¸â€â™€ï¸â›¹ï¸â€â™€ï¸love basketballâ›¹ï¸â€â™€ï¸â›¹ï¸â€â™€ï¸
Music loveâ¤ğŸ¶
Live in teh,dct=bk",False,70.0,857.0,False,0.0,False,False,,False,False,True,10.0,39.5,0
131,omidahmad12345,,False,114.0,4458.0,False,0.0,False,False,,False,False,True,8.0,3.125,0
132,poiuyrad4,"@realshadmehr 
ğŸ  Tehran ğŸ 
ğŸ’No rel (singel)ğŸ’
ğŸŒMuzic: my world ğŸ§",False,92.0,6276.0,False,2.0,False,False,,False,False,True,68.0,4.166666666666667,0
133,mobg488,,False,291.0,4558.0,False,0.0,False,False,,False,False,True,10.0,0.9,0
134,wwwee3ert,,False,50.0,1078.0,False,0.0,False,False,,False,False,True,6.0,1.0,0
135,fati.09227,,False,114.0,5783.0,False,0.0,False,False,,False,False,True,8.0,2.75,0
136,mitrataghizade003,,False,61.0,2566.0,False,0.0,False,False,,True,False,True,6.0,,0
137,0n_77885,"Ù„Ø§ ØªØºÙŠØ± Ù†ÙØ³Ùƒ Ø¨Ø³Ø¨Ø¨ Ø´Ø®Øµ ..
ÙˆÙ„Ø§ ØªÙ‚Ù„Ø¯ Ø§Ø­Ø¯ ..
ÙˆÙ„Ø§ ØªØªØ¨Ø¹ Ø§ÙŠ ÙƒÙ„Ø§Ù… ØªØ³Ù…Ø¹Ù‡ ..
ÙˆÙ„Ø§ ØªØ§Ø°ÙŠ Ù†ÙØ³Ùƒ Ø¨Ø³Ø¨Ø¨ Ø´Ø®Øµ ..19/1",False,96.0,6101.0,False,0.0,False,False,,False,False,True,4.0,11.25,0
138,liliyajonn799,ÙÙ‚Ø· Ø®Ø¯Ø§ ğŸ™ğŸ¼ğŸ™ğŸ¼,False,51.0,6700.0,False,0.0,False,False,,True,False,True,5.0,,0
139,Restricted profile,,True,,,,,,,,,,True,,,0
140,sarafon93,,False,102.0,7159.0,False,0.0,False,False,,False,False,True,22.0,0.6666666666666666,0
141,__tinaprv__,,False,62.0,1306.0,False,0.0,False,False,,False,False,True,10.0,0.6,0
142,ata.na2222,,False,66.0,5088.0,False,0.0,False,False,,False,False,True,22.0,0.08333333333333333,0
143,behzad_k.m,"Ø§Ø¤Ù„ÙˆÙ…Ø¯Ù† Ù‚ÙˆØ±Ø®Ø³Ø§ÛŒØ¯ÛŒÙ… ØªÙˆØ±Ú©
Ø¯ÙˆØºÙˆÙ„Ù…Ø§Ø²Ø¯ÛŒÙ…...!!Ú†Ø§Ù‚Ù‚Ø§Ù„Ø¯Ø§Ù† 
Ù‚ÙˆØ±Ø®Ø³Ø§ÛŒØ¯ÛŒÙ… Ø¨ÙˆØ² Ù‚ÙˆØ±Ø¯ Ø§ÙˆÙ„Ù…Ø§Ø²Ø¯ÛŒÙ…ğŸ‘Š
Ø§ØµØ§Ù„Øª ØªØ±Ú©ğŸ’ª",False,985.0,729.0,False,0.0,False,False,,True,False,True,7.0,,0
144,elmira_hemati9,,False,44.0,605.0,False,0.0,False,False,,False,False,True,23.0,4.166666666666667,0
145,0n_77881,"Ù„Ø§ ØªØºÙŠØ± Ù†ÙØ³Ùƒ Ø¨Ø³Ø¨Ø¨ Ø´Ø®Øµ ..
ÙˆÙ„Ø§ ØªÙ‚Ù„Ø¯ Ø§Ø­Ø¯ ..
ÙˆÙ„Ø§ ØªØªØ¨Ø¹ Ø§ÙŠ ÙƒÙ„Ø§Ù… ØªØ³Ù…Ø¹Ù‡ ..
ÙˆÙ„Ø§ ØªØ§Ø°ÙŠ Ù†ÙØ³Ùƒ Ø¨Ø³Ø¨Ø¨ Ø´Ø®Øµ ..",False,90.0,6228.0,False,0.0,False,False,,False,False,True,4.0,3.75,0
146,ali.ali.21216,,False,103.0,5841.0,False,0.0,False,False,,False,False,True,0.0,,0
147,mohammad_toorke,Jhh hfts hies jkjdr syuhc,False,10.0,575.0,False,0.0,False,False,,False,False,True,3.0,3.3333333333333335,0
148,parmis32353,,False,47.0,581.0,False,0.0,False,False,,False,False,True,4.0,0.0,0
149,tatalooi11221,,False,104.0,6012.0,False,0.0,False,False,,False,False,True,4.0,1.5,0
150,aaaaaa272021,,False,49.0,618.0,False,0.0,False,False,,False,False,True,6.0,0.0,0
151,raknrayfar,Ù„Ù„ØªÙØ§Ø¹Ù„ Ø­Ø³Ø§Ø¨,False,47.0,655.0,False,0.0,False,False,,False,False,True,6.0,0.3333333333333333,0
152,Restricted profile,,True,,,,,,,,,,True,,,0
153,asadosivandf,,False,145.0,6257.0,False,0.0,True,False,Creators & Celebrities,False,False,True,22.0,2.0833333333333335,0
154,crjuvee7,,False,190.0,875.0,False,0.0,False,False,,False,False,True,5.0,1.6,0
155,sara_49201,,False,91.0,6230.0,False,0.0,False,False,,False,False,True,22.0,0.9166666666666666,0
156,0n_77883,"â € â €â €
â €â €â € â €â €
â € â €â €â €        â €- á—©GE  20Y.O
â€ â€""Ø±Ø¨ÙŠ Ù‚Ø¯ Ø¹Ø²Ù‘ Ø¹Ù„ÙŠØ§ Ø·Ù„Ø¨ÙŠ ÙˆÙ‡Ùˆ Ø¹Ù„ÙŠÙƒÙ Ù‡ÙŠÙ† ,ÙÙ€ Ø§Ù„Ù„Ù‡ÙÙ…Ù‘ Ø¥Ø³ØªØ¬Ø¨ ğŸ¤²ğŸ’œ""
â€
â €",False,86.0,6131.0,False,0.0,False,False,,False,False,True,4.0,7.5,0
157,mina.898900,,False,68.0,3660.0,False,0.0,False,False,,True,False,True,23.0,,0
158,kara1.230,,False,59.0,1806.0,False,0.0,False,False,,False,False,True,5.0,0.2,0
159,beauti_shop20,"ÛŒÙ‡ Ø¨ÛŒÙˆØªÛŒ Ø´Ø§Ù¾ Ø®ÙˆØ´ Ø§ÙˆÙ…Ø¯ÛŒØ¯ğŸ›
Ø¨Ù‡ Ø¹Ù„Øª Ø­Ø°Ù ÙˆØ§Ø³Ø·Ù‡ Ù‡Ø§ Ø¨Ø§ Ø§Ø±Ø²Ø§Ù† ØªØ±ÛŒÙ† Ù‚ÛŒÙ…Øª",False,95.0,3726.0,False,0.0,True,False,Personal Goods & General Merchandise Stores,False,False,True,9.0,3.4444444444444446,0
160,mona139881,,False,102.0,5287.0,False,0.0,False,False,,False,False,True,10.0,10.5,0
161,_4r00k_,ğ—¢ğ—»ğ—¹ğ˜† ğ—šğ—¼ğ—± ğ™¶ğš˜ğš ğ™²ğšŠğš— ğ™¹ğšğšğšğš ğ™¼ğš,False,21866.0,6499.0,False,0.0,False,False,,False,False,True,6.0,909.8333333333334,0
162,mnnm8107,ğŸ™‡ğŸ˜ğŸ˜œğŸ˜œğŸ˜ğŸ˜œ,False,102.0,6102.0,False,0.0,False,False,,False,False,True,12.0,2.3333333333333335,0
163,misagh.srk.79,,False,98.0,5865.0,False,0.0,False,False,,False,False,True,17.0,3.5,0
164,solmz._.zlf,".
19
.
gÑÎ±Æ’Î¹Ï„Î³
.",False,149.0,6233.0,False,0.0,False,False,,False,False,True,0.0,,0
165,reza_jan_1381,,False,52.0,3152.0,False,0.0,False,False,,False,False,True,7.0,3.4285714285714284,0
166,mohammad.alavinejad,Ù‡Ù†Ø± Ú©Ù„ÛŒØ¯ ÙÙ‡Ù… Ø²Ù†Ø¯Ú¯ÛŒØ³Øª,False,139.0,662.0,False,0.0,False,False,,True,False,True,9.0,,0
167,shooka.saberii7,,False,53.0,6114.0,False,0.0,False,False,,True,False,True,22.0,,0
168,mobin_a6798,,False,81.0,2191.0,False,0.0,False,False,,False,False,True,14.0,1.25,0
169,alex__gha,,False,51.0,52.0,False,0.0,False,False,,False,False,True,72.0,8.833333333333334,0
170,ahmad123454410,,False,76.0,1846.0,False,0.0,False,False,,False,False,True,23.0,0.3333333333333333,0
171,thjfjvvfghhbjhfbj,,False,33.0,199.0,False,0.0,False,False,,False,False,True,4.0,3.0,0
172,abol.i99,,False,100.0,6078.0,False,0.0,False,False,,False,False,True,4.0,6.5,0
173,aboliii345,,False,67.0,2235.0,False,0.0,False,False,,False,False,True,4.0,0.75,0
174,nazanin.sh9923,Ø§Ù‡Ù„ Ø¯Ù„ Ù‡Ø³ØªÛŒ ÙØ§Ù„Ùˆ Ú©Ù†ğŸ˜‹ğŸ˜‹ğŸ˜‹,False,64.0,5831.0,False,0.0,False,False,,True,False,True,23.0,,0
175,ali774026,"Astor
Hftyi
Sin",False,158.0,5822.0,False,0.0,False,False,,False,False,True,0.0,,0
176,mohamadmahd.e,,False,819.0,381.0,False,1.0,True,False,Professional Services,False,False,True,0.0,,0
177,amirt.mb,,False,44.0,846.0,False,0.0,False,False,,False,False,True,10.0,0.5,0
178,0n_77886,"Ù„Ø§ ØªØºÙŠØ± Ù†ÙØ³Ùƒ Ø¨Ø³Ø¨Ø¨ Ø´Ø®Øµ ..
ÙˆÙ„Ø§ ØªÙ‚Ù„Ø¯ Ø§Ø­Ø¯ ..
ÙˆÙ„Ø§ ØªØªØ¨Ø¹ Ø§ÙŠ ÙƒÙ„Ø§Ù… ØªØ³Ù…Ø¹Ù‡ ..
ÙˆÙ„Ø§ ØªØ§Ø°ÙŠ Ù†ÙØ³Ùƒ Ø¨Ø³Ø¨Ø¨ Ø´Ø®Øµ ..",False,98.0,5734.0,False,0.0,False,False,,False,False,True,4.0,7.0,0
179,alireza_keramati_1386,Ø§ÙˆÙ† Ú©ØªØ§Ø¨ÛŒ Ú©Ù‡ ØªÙˆÙ…ÛŒØ®ÙˆÙ†ÛŒ.....Ù…Ø§Ù†ÙˆÛŒØ³Ù†Ø¯Ø´ÛŒÙ…. ..Ø¯Ø§ÛŒÛŒ,True,558.0,240.0,False,0.0,False,False,,True,False,True,0.0,,0
180,mahoook78,,False,132.0,5613.0,False,2.0,False,False,,False,False,True,24.0,2.5833333333333335,0
181,mahasti1375_,"Ù…Ù‡Ø³ØªÛŒ
1375
ØªÛŒØ± Ù…Ø§Ù‡ÛŒ
Ù…Ø·Ø§Ù„Ø¹Ù‡
Ø¯ÙˆÚ†Ø±Ø®Ù‡ Ø³ÙˆØ§Ø±ÛŒ
Ø´Ù†Ø§
ØªÙ†ÛŒØ³
Ø§Ø³Ø¨ Ø³ÙˆØ§Ø±ÛŒ",False,136.0,6287.0,False,0.0,False,False,,False,False,True,23.0,19.583333333333332,0
182,zah_ra78z,"Ù…ÛŒØ®ÙˆØ§ÛŒ Ø¨Ù‡ Ù…Ø§ Ø¨Ø±Ø³ÛŒ
Ù‡Ù‡
Ø¨Ø¯Ùˆ ØªØ§ Ø¨Ø±Ø³ÛŒ",False,240.0,6179.0,False,0.0,True,False,Lifestyle Services,False,False,True,24.0,23.583333333333332,0
183,miro.nj8,,False,68.0,2088.0,False,0.0,False,False,,False,False,True,5.0,0.2,0
184,bita8722,,False,76.0,2237.0,False,0.0,False,False,,False,False,True,4.0,92.0,0
185,alizarezaei34,,False,133.0,6102.0,False,0.0,False,False,,False,False,True,10.0,1.0,0
186,mobinaa.ah1,Tasalay del....,False,33.0,1733.0,False,0.0,False,False,,True,False,True,22.0,,0
187,ayeh_1queen,,False,183.0,4411.0,False,0.0,False,False,,False,False,True,5.0,43.8,0
188,fhds2021,,False,10.0,477.0,False,0.0,False,False,,False,False,True,0.0,,0
189,jahni2222,,False,102.0,6053.0,False,0.0,False,False,,False,False,True,6.0,6.5,0
190,dokhiafghan18,,False,1121.0,1129.0,False,0.0,False,False,,False,False,True,15.0,3.75,0
191,aidin_99999,Man ye khoshgelamğŸ’œ,False,179.0,6337.0,False,0.0,False,False,,False,False,True,12.0,5.833333333333333,0
192,sar_inaah,,False,91.0,1990.0,False,0.0,False,False,,False,False,True,23.0,0.5833333333333334,0
193,harfeh.hesaab,"Ù…Ø±Ø§ Ù…ÛŒâ€ŒØ¨ÛŒÙ†ÛŒ Ùˆ Ù‡Ø± Ø¯Ù… Ø²ÛŒØ§Ø¯Øª Ù…ÛŒâ€ŒÚ©Ù†ÛŒ Ø¯Ø±Ø¯Ù…
ØªÙˆ Ø±Ø§ Ù…ÛŒâ€ŒØ¨ÛŒÙ†Ù… Ùˆ Ù…ÛŒÙ„Ù… Ø²ÛŒØ§Ø¯Øª Ù…ÛŒØ´ÙˆØ¯ Ù‡Ø± Ø¯Ù…
#Ø¹Ú©Ø³Ù†ÙˆØ´ØªÙ‡ #Ø¹Ú©Ø³_Ù†ÙˆØ´ØªÙ‡",False,1718.0,58.0,False,8.0,False,False,,False,False,True,136.0,19.916666666666668,0
194,barantaqipur,,False,770.0,5087.0,False,0.0,False,False,,False,False,True,22.0,121.08333333333333,0
195,amirmohamad00001,....,False,61.0,1503.0,False,0.0,False,False,,False,False,True,22.0,0.16666666666666666,0
196,safa_9581,,False,51.0,1957.0,False,0.0,False,False,,False,False,True,4.0,1.0,0
197,irezamk6,,False,45.0,802.0,False,0.0,False,False,,False,False,True,24.0,0.16666666666666666,0
198,sanaa.hasani,"Law studentğŸ“š
SingleğŸ‘¸
esfahanğŸ’
KhordadiiğŸ§šâ€â™‚ï¸",False,120.0,6253.0,False,0.0,False,False,,True,False,True,22.0,,0
199,ghalbeyakhi1290,,False,92.0,6327.0,False,0.0,False,False,,False,False,True,16.0,5.25,0
200,sonia_ebadi677,,False,244.0,6259.0,False,0.0,False,False,,True,False,True,5.0,,0
201,jshdh.35,,False,64.0,2018.0,False,0.0,False,False,,False,False,True,21.0,1.9166666666666667,0
202,fatemehnjjhb,,False,105.0,6270.0,False,0.0,False,False,,False,False,True,4.0,3.75,0
203,yastunes_222,,False,83.0,5491.0,False,0.0,False,False,,False,False,True,4.0,1.25,0
204,moh.ammad109,,False,0.0,14.0,False,0.0,False,False,,False,False,True,0.0,,0
205,mari.nr1381,"tatalitiğŸ‘‘ğŸ‘¸
PerspolisiğŸ”¥ğŸ”¥
saken:yazdğŸŒğŸŒğŸŒ¾
motavaled:khordadğŸ˜ˆğŸ‘‘ğŸš©
ğŸš«â¤ğŸš«",False,118.0,6252.0,False,0.0,False,False,,False,False,True,8.0,30.875,0
206,ashkan.tabriz39,Ù¾Ø§ÛŒÙ‡,False,147.0,6244.0,False,0.0,False,False,,True,False,True,1.0,,0
207,reza12_43,,False,92.0,5771.0,False,0.0,False,False,,False,False,True,6.0,2.0,0
208,hazarat726,,False,100.0,5645.0,False,0.0,False,False,,False,False,True,4.0,2.75,0
209,jokee800098,,False,68.0,6197.0,False,0.0,False,False,,False,False,True,29.0,2.0833333333333335,0
210,zick._.zack,,False,52.0,802.0,False,0.0,False,False,,False,False,True,5.0,1.8,0
211,alijiji4,REFF02I3VLZA9,False,80.0,4882.0,False,0.0,False,False,,False,False,True,4.0,2.75,0
212,turk_kadeh,"Ø³Ø±ÛŒØ§Ù„ ØªØ±Ú©ÛŒ Ø¯ÙˆØ¨Ù„Ù‡ Ùˆ Ø²ÛŒØ±Ù†ÙˆÛŒØ³ Ø±Ø§ Ø¨Ø±ÙˆØ² Ø§Ø² Ù…Ø§ ØªÙ‡ÛŒÙ‡ Ø¨ÙØ±Ù…Ø§ÛŒÛŒØ¯
Ú¯Ù†Ø¨Ø¯ Ùˆ Ø¢Ø²Ø§Ø¯Ø´Ù‡Ø±  Ø¯Ø± Ø®Ø¯Ù…ØªÛŒÙ… 
Ø¬Ù‡Øª Ø³ÙØ§Ø±Ø´ Ø³Ø±ÛŒØ§Ù„ Ø¯Ø§ÛŒØ±Ú©Øª Ø¨Ø§ Ø¢Ø±Ø´ÛŒÙˆ Ø¨ÛŒ Ù†Ø¸ÛŒØ±",False,587.0,1192.0,False,0.0,False,False,,True,False,True,103.0,,0
213,sarbaz012,,False,66.0,4944.0,False,0.0,False,False,,True,False,True,4.0,,0
214,zariminly,,False,66.0,2399.0,False,0.0,False,False,,False,False,True,4.0,1.25,0
215,njfnzhadau,,False,85.0,6147.0,False,0.0,False,False,,False,False,True,10.0,1.2,0
216,0n_77884,"Ù„Ø§ ØªØºÙŠØ± Ù†ÙØ³Ùƒ Ø¨Ø³Ø¨Ø¨ Ø´Ø®Øµ ..
ÙˆÙ„Ø§ ØªÙ‚Ù„Ø¯ Ø§Ø­Ø¯ ..
ÙˆÙ„Ø§ ØªØªØ¨Ø¹ Ø§ÙŠ ÙƒÙ„Ø§Ù… ØªØ³Ù…Ø¹Ù‡ ..
ÙˆÙ„Ø§ ØªØ§Ø°ÙŠ Ù†ÙØ³Ùƒ Ø¨Ø³Ø¨Ø¨ Ø´Ø®Øµ ..",False,105.0,6068.0,False,0.0,False,False,,False,False,True,4.0,10.75,0
217,sala.r1878,,False,50.0,2878.0,False,0.0,False,False,,False,False,True,4.0,4.25,0
218,reza_441133,,False,94.0,5324.0,False,0.0,False,False,,False,False,True,25.0,2.25,0
219,aaa.aa6558,,False,47.0,544.0,False,0.0,False,False,,False,False,True,5.0,0.2,0
220,mona84000,,False,113.0,6116.0,False,0.0,False,False,,False,False,True,4.0,3.75,0
221,daa_anaaa,,False,47.0,1600.0,False,0.0,True,False,Professional Services,False,False,True,5.0,0.2,0
222,kimia_78_a,"ğŸŒMhr mahy
İ•Ø­Û¡Ø« Ø§ÛŒÛ¡Ù† Ù†ÛŒÛ¡Ø³ ÚªÛ¡Ø¹ İ©Ø¯Ø§Ø±Ù…Ù¼ İ•Ø­Ø« Ø§ÛŒÛ¡Ù†Ø¹ ÚªØ¹ Úªİª Ø´Ù‡Ú–Û¡ Ø¯Ø§Ø±Û¡Ù†İ“|â€¢â™ ",False,125.0,6340.0,False,0.0,False,False,,False,False,True,5.0,54.4,0
223,asma.n1829,,False,72.0,4436.0,False,0.0,False,False,,False,False,True,26.0,2.0,0
224,qanizz1e,,False,100.0,6220.0,False,0.0,False,False,,False,False,True,4.0,6.75,0
225,tintina202,,False,112.0,6771.0,False,0.0,False,False,,True,False,True,23.0,,0
226,Restricted profile,,True,,,,,,,,,,True,,,0
227,mohana.rezayiii,"1380ğŸ‘Œ
BoxğŸ’ªğŸ¤«
Mordadiâ¤
PerspolisğŸ˜‰
PvğŸ”
Jast godğŸ’“",False,164.0,4854.0,False,0.0,False,False,,False,False,True,5.0,27.8,0
228,takpar7173,"#Ø´Ø¯Ù….Ù¾Ø³Ø±ÛŒâœŸâƒâ¥
#Ø¨ÛŒ.Ø§Ø¹ØµØ§Ø¨âœŸâƒâ¥
#ØªØ®Øµ.âœŸâƒâ¥
#Ø®Ø´Ù…Ú¯ÛŒİ©.âœŸâƒâ¥
#Ø±ÙˆØ§Ù†ÛŒ.âœŸâƒâ¥
#Ø¯ÛŒÙˆÙ†Ø­.âœŸâƒâ¥
#Ø¯Ø±Ù….Ù¾Ø³Ø±.Ø®ÙˆØ¨ÛŒ.Ù…ÛŒØ´Ù….âœŸâƒâ¥
â–¬â–¬â–¬â–­â–­â–­ÛµÛ°âƒÙªâ¥
#Ø§ÙˆØ®.Ù†Ø´Ø¯.Ø§ÛŒØ´Ø§Ù„Ù„Ù‡.Ø³Ø§Ù„.Ø¯ÛŒÚ¯.âœŸâƒâ¥
#Ù…Ù†.Ø§ÛŒÙ†Ù….Ø¯ÛŒÚ¯â¥(:",False,2539.0,6343.0,False,1.0,False,False,,False,False,True,29.0,97.5,0
229,maahgalleryyy,"ğŸŒ™Ú¯Ù€Ù€Ø§Ù„Ø±ÛŒ Ù…Ù€Ù€Ù€Ø§Ù‡ğŸŒ™
.
â­ï¸Ø§Ú©Ø³Ø³ÙˆØ±ÛŒ Ù‡Ø§ÛŒ Ù…Ùˆ Ùˆ Ø´Ù†ÛŒÙˆÙ†â­ï¸
.
ğŸŒ›Ø¯Ø³ØªØ¨Ù†Ø¯ØŒÚ¯ÙˆØ´ÙˆØ§Ø±Ù‡ Ùˆ .....Ù‡Ø±Ú†ÛŒ Ú©Ù‡ Ø¨Ø®ÙˆØ§ÛŒğŸŒœ
.
ğŸ’«Ù‡Ù… ØªÚ© Ùˆ Ù‡Ù… Ø¹Ù…Ø¯Ù‡ğŸ’«
.
âœ¨Ø³ÙØ§Ø±Ø´ Ø§Ø² Ø·Ø±ÛŒÙ‚ Ø¯Ø§ÛŒØ±Ú©Øªâœ¨
.
ğŸ“ŒğŸ‡®ğŸ‡·iran,tehran",False,3898.0,753.0,False,11.0,False,False,,False,False,True,66.0,181.83333333333334,0
230,erfa.n4840,"âš½ï¸Fotbalâš½ï¸
ğŸ¤˜KurdğŸ¤˜
ğŸ‘‘KermanshahğŸ‘‘
Ø±ÙÛŒÙ‚ Ù…Ø±Ø¯ÙˆÙ†Ù‡ Ù…ÛŒØ®ÙˆØ§Ù…Øª
 @mohamad._.1230",False,118.0,6284.0,False,0.0,False,False,,False,False,True,4.0,15.0,0
231,amirreza_fakhrani1386,,False,48.0,334.0,False,0.0,False,False,,False,False,True,0.0,,0
232,falw55,,False,39.0,439.0,False,0.0,False,False,,False,False,True,4.0,0.25,0
233,unkn_own1486,,False,0.0,0.0,False,0.0,False,False,,False,False,True,0.0,,0
234,Restricted profile,,True,,,,,,,,,,True,,,0
235,nilirose_waternili,"ğŸŒºÚ¯Ù„Ø§Ø¨ Ùˆ Ø¹Ø±Ù‚ÛŒØ¬Ø§Øª Ù…Ù…ØªØ§Ø² Ù†ÛŒÙ„ÛŒ ğŸŒº
Ú©Ø§Ø´Ø§Ù†_ Ù†ÛŒØ§Ø³Ø±
Ø§Ø±Ø³Ø§Ù„ Ø±Ø§ÛŒÚ¯Ø§Ù† Ø¨Ù‡ ØªÙ…Ø§Ù… Ø´Ù‡Ø±Ù‡Ø§ÛŒ Ø§ÛŒØ±Ø§Ù†
â¬…ï¸ ØªÙ„ÙÙ† ØªÙ…Ø§Ø³ Ø¬Ù‡Øª Ø³ÙØ§Ø±Ø´ Ù…Ø­ØµÙˆÙ„Ø§Øª : 09139637090",False,279.0,763.0,False,2.0,True,False,Personal Goods & General Merchandise Stores,False,False,True,4.0,3.75,0
236,mandana_m2000,".
â˜†â˜† Be your self â˜†â˜†
.
â¤ï¸ğŸ’«",False,65.0,1141.0,False,0.0,False,False,,True,False,True,0.0,,0
237,apple12w3,Ø§Ú¯Ù‡ Ø¯ÛŒØ¯ÛŒ Ø¯Ø§Ø±Ù… Ø¨Ø§ Ø´ÛŒØ·Ø§Ù† Ú†Ø§ÛŒÛŒ Ù…ÛŒØ®ÙˆØ±Ù…ØŒØ­Ù‚ Ù‚Ø¶Ø§ÙˆØª Ù†Ø¯Ø§Ø±ÛŒ Ø¯Ø§Ø±Ù… Ø¨Ù‡ Ø±Ø§Ù‡ Ø±Ø§Ø³Øª Ù‡Ø¯Ø§ÛŒØªØ´ Ù…ÛŒÚ©Ù†Ù…!!!,False,49.0,5225.0,False,0.0,False,False,,False,False,True,6.0,1.1666666666666667,0
238,ko8888kab,,False,106.0,6295.0,False,0.0,False,False,,False,False,True,4.0,5.75,0
239,ssss.ssss6971,,False,55.0,1829.0,False,0.0,False,False,,False,False,True,4.0,0.0,0
240,silin1450,silinğŸ‘©ğŸ‘‘,False,197.0,6485.0,False,0.0,False,False,,False,False,True,5.0,21.4,0
241,abdolah.zz,,False,55.0,183.0,False,0.0,False,False,,False,False,True,0.0,,0
242,kasbokar_enternati,Ú©Ø³Ø¨ Ùˆ Ú©Ø§Ø± Ø§ÛŒÙ†ØªØ±Ù†ØªÛŒ ÙÙˆÙ‚ Ø§Ù„Ø§Ø¯Ù‡ Ø¨Ø§ Ø¯Ø³ØªÙ…Ø²Ø¯ Ø¨Ø§Ù„Ø§ Ø­ØªÙ…Ø§ Ø§Ù…ØªØ­Ø§Ù† Ú©Ù†ÛŒÙ†ğŸŒ·ğŸŒ·,False,77.0,3080.0,False,1.0,True,False,Creators & Celebrities,False,False,True,4.0,5.0,0
243,ilia.85y,,False,0.0,0.0,False,0.0,False,False,,False,False,True,0.0,,0
244,mortezamo21213,,False,70.0,4390.0,False,0.0,False,False,,False,False,True,22.0,1.8333333333333333,0
245,mohamadhoseaini1400,,False,61.0,2584.0,False,0.0,False,False,,False,False,True,5.0,1.8,0
246,papa.r85,,False,142.0,6496.0,False,0.0,False,False,,False,False,True,1.0,10.0,0
247,ilia920930,ğŸ–¤ğŸ¥€Manbarefigham khoshhastam Ø§ÙØ¹ØªÙÙ…Ø§Ø¯ Ù†ÙÚ©ÙØ±ÙØ¯ÙÙ† Ø´ÙØ±Ø·Ù Ø¹ÙÙ‚ÙÙ„ÙÙ‡ğŸ¥€ğŸ–¤,False,84.0,6135.0,False,0.0,False,False,,True,False,True,4.0,,0
248,fatiep90,Ù…Ø¨Ù…,False,94.0,1966.0,False,0.0,False,False,,False,False,True,22.0,1.8333333333333333,0
249,mina_banoo73,,False,499.0,7172.0,False,0.0,False,False,,False,False,True,19.0,5.916666666666667,0
250,alireza.13890,.,False,75.0,3836.0,False,0.0,False,False,,False,False,True,24.0,0.25,0
251,00002bin,,False,128.0,6152.0,False,0.0,False,False,,False,False,True,11.0,2.3636363636363638,0
252,ali8090323,,False,87.0,6033.0,False,0.0,False,False,,False,False,True,11.0,0.18181818181818182,0
253,hulk.1398,Hulk,False,70.0,4153.0,False,0.0,False,False,,False,False,True,4.0,2.25,0
254,sangstone17,ØªÙˆÙ„ÛŒØ¯ Ø³Ù†Ú¯ Ù…ØµÙ†ÙˆØ¹ÛŒ #Ø³Ù†Ú¯_Ù…ØµÙ†ÙˆØ¹ÙŠ #Ø³Ù†Ú¯ #Ø³Ù†Ú¯_Ù…ØµÙ†ÙˆØ¹ÛŒ #Ø®ÙˆØ²Ø³ØªØ§Ù†,False,91.0,5696.0,False,0.0,False,False,,False,False,True,22.0,1.75,0
255,tinatehrani59,,False,97.0,7575.0,False,0.0,False,False,,False,False,True,22.0,2.6666666666666665,0
256,zxcvbnmqwertyuiop881,,False,81.0,3895.0,False,0.0,False,False,,False,False,True,9.0,3.111111111111111,0
257,sooltan880,,False,5.0,0.0,False,0.0,False,False,,False,False,True,0.0,,0
258,oxfat1,Ù†Ù†,False,112.0,2901.0,False,0.0,False,False,,False,False,True,22.0,0.5,0
259,djdjcjjjcdjdj9,,False,88.0,934.0,False,0.0,False,False,,True,False,True,4.0,,0
260,mostafa_m9363,,False,43.0,1473.0,False,0.0,False,False,,False,False,True,5.0,2.4,0
261,khajeh1984,,False,5565.0,4172.0,False,3.0,True,False,Creators & Celebrities,False,False,True,45.0,149.83333333333334,0
262,qwer.asdf1234567,,False,53.0,832.0,False,0.0,False,False,,False,False,True,22.0,0.0,0
263,mobi.n5375,,False,81.0,704.0,False,0.0,False,False,,False,False,True,4.0,14.5,0
264,niliyoomi3,,False,56.0,1181.0,False,0.0,False,False,,False,False,True,5.0,0.4,0
265,mahdiyeh__1927,".
ğŸ¦‹â¦â¤ï¸â©",False,48.0,703.0,False,0.0,False,False,,True,False,True,0.0,,0
266,anitaaa437,,False,130.0,4261.0,False,0.0,False,False,,False,False,True,4.0,2.25,0
267,ali__aq101,Ø±Ø¯ ÙÙˆÙ„Ùˆ Ø­Ø³Ø§Ø¨ Ù„Ù„ØªÙØ§Ø¹Ù„,True,65.0,1205.0,False,0.0,False,False,,False,False,True,4.0,2.25,0
268,rana.sh.z,,False,44.0,581.0,False,0.0,False,False,,False,False,True,0.0,,0
269,Restricted profile,,True,,,,,,,,,,True,,,0
270,mona.jack13,,False,95.0,6242.0,False,0.0,False,False,,False,False,True,4.0,2.5,0
271,dibabeauty__,,False,1146.0,2117.0,False,15.0,False,False,,False,False,True,96.0,23.583333333333332,0
272,sadgh4817,Fhuff,False,31.0,147.0,False,0.0,False,False,,False,False,True,1.0,3.0,0
273,kimy_am,,False,75.0,6083.0,False,0.0,False,False,,False,False,True,4.0,1.5,0
274,mooha.n9759,,False,77.0,2644.0,False,0.0,False,False,,False,False,True,4.0,2.5,0
275,baran.salimii7,,False,214.0,6301.0,False,0.0,False,False,,False,False,True,22.0,9.5,0
276,khanomgol.20,,False,0.0,3802.0,False,0.0,False,False,,True,False,True,3.0,,0
277,dash_ali13812002,,False,695.0,6626.0,False,0.0,False,False,,True,False,True,19.0,,0
278,matana.dancer_fn,"ÙÙ† Ù¾ÛŒØ¬ Ø§ÛŒÙ† Ø¨Ø§ Ø§Ø³ØªØ¹Ø¯Ø§Ø¯Ù…ğŸ¤©ğŸ™ƒğŸ˜‰
@matana.dancer",False,120.0,1480.0,False,1.0,False,False,,False,False,True,9.0,29.77777777777778,0
279,jkljkl.00173,,False,87.0,6044.0,False,0.0,False,False,,False,False,True,4.0,2.25,0
280,mobina_plvj,Ø¯Ø§ÛŒØ±Ú©Øª =Ø¨Ù„Ø§Ú©,False,767.0,7303.0,False,2.0,False,False,,False,False,True,11.0,45.63636363636363,0
281,Restricted profile,,True,,,,,,,,,,True,,,0
282,shr.op2,,False,76.0,2779.0,False,0.0,False,False,,False,False,True,10.0,0.3,0
283,fatemeh.cheshomiyy,"Ø§Ø² Ù‡Ø±Ø¬Ø§ Ø¨ÛŒÙˆÙØªÛ’ ÚªÙ…ÚªØª Ù…ÛŒÚªÙ†Ù… Ø¨Ù„Ù†Ø¯ Ø´ÛŒØŒÙ‡Ø±Ø¬Ø§ Ø¬Ø² Ú†Ø´Ù…Ø§Ù…!WÊœá´‡Ê€á´‡á´ á´‡Ê€ Êá´á´œ Ò“á´€ÊŸÊŸï¹ I á´¡ÉªÊŸÊŸ Êœá´‡ÊŸá´˜ Êá´á´œ É¢á´‡á´› á´œá´˜ï¹ á´€É´Êá´¡Êœá´‡Ê€á´‡ á´‡xá´„á´‡á´˜á´› á´Ê á´‡Êá´‡s
 SabzevarğŸ°
the coachğŸ“š
Ø´ÛŒÙ†ÛŒÙˆÙ† Ø¹Ø±ÙˆØ³ğŸ‘°ğŸ¼",False,2578.0,2581.0,False,0.0,False,False,,True,False,True,23.0,,0
284,rizmoj,,False,0.0,1.0,False,0.0,False,False,,False,False,True,0.0,,0
285,ssssssssss.905,,False,59.0,2660.0,False,0.0,False,False,,False,False,True,22.0,1.9166666666666667,0
286,gooo.o1378,,False,57.0,1497.0,False,0.0,False,False,,False,False,True,4.0,2.75,0
287,namardoglan,,False,75.0,1973.0,False,0.0,False,False,,False,False,True,4.0,2.0,0
288,alimalitopi,bahar,False,72.0,2101.0,False,0.0,False,False,,True,False,True,10.0,,0
289,mona_namdari_pv,"Tehran
So it goes",False,110.0,6123.0,False,0.0,False,False,,True,False,True,37.0,,0
290,alisalimi1314u,..,False,1030.0,933.0,False,0.0,False,False,,False,False,True,2.0,137.5,0
291,h11344.5,,False,84.0,5633.0,False,0.0,False,False,,False,False,True,5.0,1.2,0
292,reyhan138332,,False,86.0,4627.0,False,0.0,False,False,,False,False,True,4.0,2.25,0
293,mohamad990046,,False,100.0,5594.0,False,0.0,False,False,,False,False,True,5.0,0.6,0
294,chkur_godal,Ø³Ø±ÛŒØ§Ù„  Ú¯ÙˆØ¯Ø§Ù„,False,179.0,363.0,False,0.0,False,False,,False,False,True,0.0,,0
295,arta.00025,,False,56.0,965.0,False,0.0,False,False,,False,False,True,5.0,1.4,0
296,inix51,,False,54.0,378.0,False,0.0,False,False,,False,False,True,24.0,0.25,0
297,rezarazok,,False,109.0,5997.0,False,0.0,False,False,,True,False,True,12.0,,0
298,lzahral21,,False,380.0,7153.0,False,0.0,False,False,,False,False,True,4.0,61.25,0
299,mahdi_x01,"Ú©Ø§Ø´ ÙˆÙ‚Øª Ø¨Ø´Ù‡     
 Ø²Ù†Ø¯Ú¯ÛŒ Ú©Ù†ÛŒÙ… ØªØ§ Ù†Ù…Ø±Ø¯ÛŒÙ….!",False,1043.0,1454.0,False,0.0,False,False,,True,False,True,1.0,,0
300,nasi.m1596,"tehranğŸ 
tirmahi ğŸ‰ğŸ",False,40.0,2508.0,False,0.0,False,False,,True,False,True,22.0,,0
301,__sima._.hr,"â–âƒŸğŸ•·â€¢â€¢ ğ’šğ’Ï…ğ’“ Ñ•Ğ¼Î¹ğ’ğ’† ğ’„Ğ½ğ’‚ğ’ğ’ˆğ’†Ñ• Ğ¼ğ’š ğ’˜ğ’ğ’“ğ’ğ’…!
-ğ’Šğ’• ğ’˜ğ’‚ğ’” ğ’‡ğ’–ğ’ , ğ’–ğ’ğ’•ğ’Šğ’ ğ’˜ğ’† ğ’ˆğ’“ğ’ğ’˜ğ’ğ’–ğ’‘!
- Ø¯Ø§Ø´Øª Ø®ÙˆØ´ Ù…ÛŒÚ¯Ø°Ø´Øª ØŒ ØªØ§ Ø§ÛŒÙ†Ú©Ù‡ Ø¨Ø²Ø±Ú¯ Ø´Ø¯ÛŒÙ…! :))",False,381.0,2459.0,False,0.0,False,False,,True,False,True,4.0,,0
302,erfan_janat_3,"ÙØ±ÙˆØ´ Ù¾Ú© Ø¢Ù…ÙˆØ²Ø´ÛŒ Ù‡Ú© Ø§Ú©Ø§Ù†Øª
Ø¨Ø¯ÙˆÙ† Ø¨Ù† Ø´Ø¯Ù†
Ù‚ÛŒÙ…Øª: Û²Û²Û° Ù‡Ø²Ø§Ø± ØªÙˆÙ…Ø§Ù†
ID Telegram: @Ali_7_R ØªØ¹Ø¯Ø§Ø¯ Ù…Ø­Ø¯ÙˆØ¯ Ø¨Ø§ ÛµØ¯Ø±ØµØ¯ ØªØ®ÙÛŒÙ",False,128.0,5172.0,False,0.0,False,False,,False,False,True,23.0,0.16666666666666666,0
303,saeiid376,"ğŸ’^Ø®ÙÙˆØ´Ø§ Ø¢Ù† Ø¯ÙÙ„ Ú©Ù‡Ù Ø¯ÙÙ„Ø¯Ø§Ø±ÙØ´ ØªÙÙˆ Ø¨Ø§Ø´ÛŒ^ğŸ’
Ù…ØªØ¹Ù‡Ø¯ Ø¨Ù‡ ğŸ˜‰ğŸ˜
.ğŸ‘‡
.ğŸ‘‡
â€ŒğŸ‘‡
.ğŸ‘‡
.ğŸ‘‡
.ğŸ‘‡
ğŸ’–$^ S ^$ğŸ’–",False,6.0,23.0,False,0.0,False,False,,True,False,True,0.0,,0
304,4708fateme,Ø´Ù…Ø§â€Œ Ø±Ø§ Ø¯Ù†Ø¨Ø§Ù„ Ù…ÛŒâ€ŒÚ©Ù†Ø¯,False,293.0,5691.0,False,0.0,False,False,,False,False,True,5.0,24.2,0
305,abr.abr.431,,False,79.0,6126.0,False,0.0,False,False,,False,False,True,4.0,2.5,0
306,mahta.pourkaveh,,False,46.0,745.0,False,0.0,False,False,,False,False,True,12.0,1.25,0
307,mah09396,,False,57.0,1109.0,False,0.0,False,False,,False,False,True,5.0,5.6,0
308,agayezifake69,,False,173.0,6173.0,False,0.0,False,False,,False,False,True,10.0,0.5,0
309,_malik_jan_,"ğŸ“Goa, India",False,414.0,360.0,False,0.0,False,False,,False,False,True,21.0,82.83333333333333,0
310,saman89037,,False,77.0,6309.0,False,0.0,False,False,,False,False,True,23.0,1.4166666666666667,0
311,fard_ib,,False,45.0,442.0,False,0.0,False,False,,False,False,True,4.0,0.75,0
312,sbm2021s2,ğŸ‘‡,False,181.0,7319.0,False,0.0,False,False,,False,False,True,92.0,31.416666666666668,0
313,nazi.m___6,Ø®Ø¯Ø§ Ø¨Ø²Ø±Ú¯Ù‡..,False,41.0,2953.0,False,0.0,False,False,,True,False,True,22.0,,0
314,neda.baghri.pv,"tatality 
@khosrokhan969 
sohrab MJ",False,60.0,2151.0,False,0.0,False,False,,False,False,True,4.0,17.5,0
315,za.mir253,,False,72.0,1507.0,False,0.0,False,False,,False,False,True,24.0,0.0,0
316,mahsom458,"#tataloo 
#iran
#queen",False,138.0,6573.0,False,0.0,False,False,,False,False,True,4.0,16.5,0
317,mmd_alili,"Ù
â€¢â€¢â€¢Ø¨Ø³Ù…â€ŒØ§Ù„Ù„Ù‡â€ŒØ§Ù„Ø±Ø­Ù…Ù†â€ŒØ§Ù„Ø±Ø­ÛŒÙ…â€¢â€¢â€¢
ğŸ‡°ğŸ‡·..ğŸ‡¨ğŸ‡³..ğŸ‡¯ğŸ‡µ..ğŸ‡°ğŸ‡·
Ù
ğŸ‘‘ShryarğŸ‘‘
ğŸŒµÛŒÙÙ‡ Ù†ÙØ® ÙˆÛŒÙ†ÙØ³ØªÙˆÙ†â€ŒÙØ¹Ø¢Ø¨ÛŒğŸ’§ğŸŒ·
Ù
â˜ï¸Ø¹ÙØ¬Ø¢ÛŒÙØ¨Ù Ø²ÙÙ†Ø¯ÙÚ¯ÛŒÙ‘â˜ï¸",False,454.0,2894.0,False,0.0,False,False,,False,False,True,5.0,56.8,0
318,amirmohammad09100,,False,70.0,5074.0,False,0.0,False,False,,True,False,True,4.0,,0
319,aaaa67647,,False,194.0,5798.0,False,0.0,False,False,,False,False,True,22.0,9.5,0
320,helen12jj,,False,86.0,3629.0,False,0.0,False,False,,False,False,True,4.0,4.75,0
321,amir_447755,,False,55.0,2539.0,False,0.0,False,False,,False,False,True,25.0,0.4166666666666667,0
322,adis_beauti,"Ú©Ø±Ø§ØªÛŒÙ† âœ‹
Ø¨ÙˆØªØ§Ú©Ø³ ğŸ’•
Ù¾Ù„Ú©Ø³ÛŒğŸŒŸ 
Ø§Ø±Ú¯Ø§Ù† ØªØ±Ø§Ù¾ÛŒ 
Ú©Ù„Ø§Ú˜Ù† ØªØ±Ø§Ù¾ÛŒ ğŸ˜
Ù¾Ø±ÙˆØªØ¦ÛŒÙ† ØªØ±Ø§Ù¾ÛŒ 
Ø§Ø­ÛŒØ§ Ùˆ ØµØ§ÙÛŒ Ø§Ù†ÙˆØ§Ø¹ Ù…ÙˆÙ‡Ø§ Ø¨Ø§ Ø¨Ù‡ØªØ±ÛŒÙ† Ù…ÙˆØ§Ø¯ Ùˆ Ø¨Ø§Ù„Ø§ØªØ±ÛŒÙ† Ù…Ø§Ù†Ø¯Ú¯Ø§Ø±ÛŒ ğŸ‘‘
#rasht_gilan",False,832.0,1021.0,False,3.0,True,False,Lifestyle Services,False,False,True,7.0,15.428571428571429,0
323,hhggcgghhhgfff,,False,110.0,6324.0,False,0.0,False,False,,False,False,True,23.0,3.0,0
324,sanazsare92,,False,56.0,1086.0,False,0.0,False,False,,False,False,True,22.0,0.25,0
325,golmar0543,,False,146.0,6547.0,False,0.0,False,False,,False,False,True,10.0,1.5,0
326,ansar_r154,Afsayd elam mikone,False,106.0,7037.0,False,0.0,False,False,,False,False,True,4.0,2.75,0
327,amirt.aksavar,,False,0.0,0.0,False,0.0,False,False,,True,False,True,0.0,,0
328,mr.mohammad2311,"Ø¹Ø²Øª Ùˆ Ø°Ù„Øª Ø¯Ø³Øª Ø®Ø¯Ø§Ø³Øª
ğŸ—zahraâ¤ï¸
Work1:@coffe.gandom
Work2:ğŸ­ğŸ½Company nour porcelain
ğŸ‚bahmani
ğŸ¡khorramdarreh",False,3944.0,2804.0,False,0.0,False,False,,True,False,True,12.0,,0
329,palorka.shop8,,False,105.0,6300.0,False,0.0,False,False,,False,False,True,24.0,1.75,0
330,shahen.838,,False,56.0,2950.0,False,0.0,False,False,,True,False,True,0.0,,0
331,fafalianoo,,False,116.0,6189.0,False,0.0,False,False,,False,False,True,10.0,6.7,0
332,a64802299,,False,48.0,633.0,False,0.0,False,False,,False,False,True,10.0,1.2,0
333,hesamshadloo20,,True,46.0,246.0,False,0.0,False,False,,False,False,True,22.0,0.25,0
334,shakil2693,,False,59.0,119.0,False,1.0,False,False,,False,False,True,0.0,,0
335,vorojak1930,,False,90.0,1091.0,False,0.0,False,False,,True,False,True,2.0,,0
336,zari1375_,"Ø²Ø±ÛŒ
1375
Ø®Ø±Ø¯Ø§Ø¯
Ù…Ø·Ø§Ù„Ø¹Ù‡
Ù¾ÛŒØ§Ø¯Ù‡ Ø±ÙˆÛŒ
Ø¹Ú©Ø§Ø³ÛŒ ØªÙ†ÛŒØ³
Ø´Ù†Ø§
Ø·Ø±Ø§Ø­ÛŒ",False,112.0,3512.0,False,1.0,False,False,,False,False,True,22.0,18.416666666666668,0
337,mohammad93878,ÛŒÚ© Ø¯Ø®ØªØ± Ø¨ÛŒØ§Ø¯ Ù¾ÛŒ ÙˆÛŒ.,False,75.0,763.0,False,0.0,False,False,,False,False,True,4.0,2.25,0
338,mahsa543244,,False,41.0,390.0,False,0.0,False,False,,False,False,True,4.0,0.75,0
339,hosein_7070_oo,"ğŸ live in karjğŸ 
ğŸ˜†bahman mahiğŸ˜†
ğŸ˜¬tatalitiyamğŸ˜‰
ğŸ˜Turk
ğŸ˜„love ? noğŸ˜
ØªØ¨Ù„ÛŒØºØ§Øª Ø¯Ø§ÛŒØ±Ú©Øª ğŸ“¤
Ø¨Ø§Ù‡Ø²ÛŒÙ†Ù‡ Ú©Ù…",False,3088.0,3986.0,False,4.0,False,False,,False,False,True,19.0,250.58333333333334,0
340,amirijik3,,False,48.0,5265.0,False,0.0,False,False,,True,False,True,9.0,,0
341,shey.da607,,False,0.0,0.0,False,0.0,False,False,,False,False,True,0.0,,0
342,ninijojo47,"Hi guysğŸ’£ğŸ˜ğŸ˜
Im niniğŸ™ˆ",False,63.0,5039.0,False,0.0,False,False,,False,False,True,4.0,4.25,0
343,sara1112500,,False,71.0,4982.0,False,0.0,False,False,,False,False,True,26.0,2.75,0
